Workbook

Sheet CURSOS
A1: ID_Curso | B1: # | C1: Nombre_Curso | D1: Temática | E1: TIPO | F1: Año | G1: Mes | H1: Total_Sesiones | I1: Inscritos | J1: %Asistencias | K1: %Reconocimientos
A2: TIE_1 | B2: =1 -> 1 | C2: NUESTRO HOGAR EN EL UNIVERSO | D2: TIERRA | E2: ASTRO | F2: 2024 | G2: JUL | H2: 4 | I2: =COUNTIF(ASISTENCIAS!$A:$A, $A2) -> 7 | J2: =IFERROR(SUMIF(ASISTENCIAS!$A:$A, $A2, ASISTENCIAS!$X:$X) / (COUNTIF(ASISTENCIAS!$A:$A, $A2) * $H2) * 100, 0) -> 32.142857 | K2: =IFERROR(COUNTIFS(ASISTENCIAS!$A:$A, $A2, ASISTENCIAS!$Y:$Y, TRUE) / COUNTIF(ASISTENCIAS!$A:$A, $A2)*100,0) -> 100
A3: LUN_1 | B3: =B2+1 -> 2 | C3: EN EL OMBLIGO DE LA LUNA | D3: LUNA | E3: ASTRO | F3: 2024 | G3: SEP | H3: 5 | I3: =COUNTIF(ASISTENCIAS!$A:$A, $A3) -> 16 | J3: =IFERROR(SUMIF(ASISTENCIAS!$A:$A, $A3, ASISTENCIAS!$X:$X) / (COUNTIF(ASISTENCIAS!$A:$A, $A3) * $H3) * 100, 0) -> 71.25 | K3: =IFERROR(COUNTIFS(ASISTENCIAS!$A:$A, $A3, ASISTENCIAS!$Y:$Y, TRUE) / COUNTIF(ASISTENCIAS!$A:$A, $A3)*100,0) -> 62.5
A4: SOL_1 | B4: =B3+1 -> 3 | C4: LA ESTRELLA QUE NOS ILUMINA | D4: SOL | E4: ASTRO | F4: 2024 | G4: OCT | H4: 5 | I4: =COUNTIF(ASISTENCIAS!$A:$A, $A4) -> 9 | J4: =IFERROR(SUMIF(ASISTENCIAS!$A:$A, $A4, ASISTENCIAS!$X:$X) / (COUNTIF(ASISTENCIAS!$A:$A, $A4) * $H4) * 100, 0) -> 62.222222 | K4: =IFERROR(COUNTIFS(ASISTENCIAS!$A:$A, $A4, ASISTENCIAS!$Y:$Y, TRUE) / COUNTIF(ASISTENCIAS!$A:$A, $A4)*100,0) -> 44.444444
A5: SS_1 | B5: =B4+1 -> 4 | C5: VAGABUNDOS DEL FIRMAMENTO | D5: SISTEMA SOLAR | E5: ASTRO | F5: 2024 | G5: OCT | H5: 5 | I5: =COUNTIF(ASISTENCIAS!$A:$A, $A5) -> 17 | J5: =IFERROR(SUMIF(ASISTENCIAS!$A:$A, $A5, ASISTENCIAS!$X:$X) / (COUNTIF(ASISTENCIAS!$A:$A, $A5) * $H5) * 100, 0) -> 69.411765 | K5: =IFERROR(COUNTIFS(ASISTENCIAS!$A:$A, $A5, ASISTENCIAS!$Y:$Y, TRUE) / COUNTIF(ASISTENCIAS!$A:$A, $A5)*100,0) -> 52.941176
A6: CON_1 | B6: =B5+1 -> 5 | C6: EL ROMPECABEZAS DEL CIELO | D6: CONSTELACIONES | E6: ASTRO | F6: 2024 | G6: NOV | H6: 5 | I6: =COUNTIF(ASISTENCIAS!$A:$A, $A6) -> 25 | J6: =IFERROR(SUMIF(ASISTENCIAS!$A:$A, $A6, ASISTENCIAS!$X:$X) / (COUNTIF(ASISTENCIAS!$A:$A, $A6) * $H6) * 100, 0) -> 56 | K6: =IFERROR(COUNTIFS(ASISTENCIAS!$A:$A, $A6, ASISTENCIAS!$Y:$Y, TRUE) / COUNTIF(ASISTENCIAS!$A:$A, $A6)*100,0) -> 52
A7: MES_1 | B7: =B6+1 -> 6 | C7: ¿CÓMO ENCONTRAR TESOROS EN EL CIELO? | D7: MESSIER | E7: ASTRO | F7: 2025 | G7: FEB | H7: 5 | I7: =COUNTIF(ASISTENCIAS!$A:$A, $A7) -> 27 | J7: =IFERROR(SUMIF(ASISTENCIAS!$A:$A, $A7, ASISTENCIAS!$X:$X) / (COUNTIF(ASISTENCIAS!$A:$A, $A7) * $H7) * 100, 0) -> 88.148148 | K7: =IFERROR(COUNTIFS(ASISTENCIAS!$A:$A, $A7, ASISTENCIAS!$Y:$Y, TRUE) / COUNTIF(ASISTENCIAS!$A:$A, $A7)*100,0) -> 88.888889
A8: TEL_1 | B8: =B7+1 -> 7 | C8: MONTAJE Y MANEJO DE TELESCOPIOS | D8: TELESCOPIOS | E8: ASTRO | F8: 2025 | G8: MAR | H8: 3 | I8: =COUNTIF(ASISTENCIAS!$A:$A, $A8) -> 14 | J8: =IFERROR(SUMIF(ASISTENCIAS!$A:$A, $A8, ASISTENCIAS!$X:$X) / (COUNTIF(ASISTENCIAS!$A:$A, $A8) * $H8) * 100, 0) -> 71.428571 | K8: =IFERROR(COUNTIFS(ASISTENCIAS!$A:$A, $A8, ASISTENCIAS!$Y:$Y, TRUE) / COUNTIF(ASISTENCIAS!$A:$A, $A8)*100,0) -> 78.571429
A9: EST_1 | B9: =B8+1 -> 8 | C9: BIOGRAFÍA DE UNA ESTRELLA | D9: ESTRELLAS | E9: ASTRO | F9: 2025 | G9: MAY | H9: 5 | I9: =COUNTIF(ASISTENCIAS!$A:$A, $A9) -> 13 | J9: =IFERROR(SUMIF(ASISTENCIAS!$A:$A, $A9, ASISTENCIAS!$X:$X) / (COUNTIF(ASISTENCIAS!$A:$A, $A9) * $H9) * 100, 0) -> 64.615385 | K9: =IFERROR(COUNTIFS(ASISTENCIAS!$A:$A, $A9, ASISTENCIAS!$Y:$Y, TRUE) / COUNTIF(ASISTENCIAS!$A:$A, $A9)*100,0) -> 69.230769
A10: AJE_1 | B10: =B9+1 -> 9 | C10: AJEDREZ MATEMÁTICO | D10: MATEMÁTICAS EN EL AJEDREZ | E10: MATE | F10: 2025 | G10: MAY | H10: 8 | I10: =COUNTIF(ASISTENCIAS!$A:$A, $A10) -> 22 | J10: =IFERROR(SUMIF(ASISTENCIAS!$A:$A, $A10, ASISTENCIAS!$X:$X) / (COUNTIF(ASISTENCIAS!$A:$A, $A10) * $H10) * 100, 0) -> 65.340909 | K10: =IFERROR(COUNTIFS(ASISTENCIAS!$A:$A, $A10, ASISTENCIAS!$Y:$Y, TRUE) / COUNTIF(ASISTENCIAS!$A:$A, $A10)*100,0) -> 54.545455
A11: GAL_1 | B11: =B10+1 -> 10 | C11: EN UNA GALAXIA MUY, MUY LEJANA | D11: GALAXIAS | E11: ASTRO | F11: 2025 | G11: JUN | H11: 5 | I11: =COUNTIF(ASISTENCIAS!$A:$A, $A11) -> 13 | J11: =IFERROR(SUMIF(ASISTENCIAS!$A:$A, $A11, ASISTENCIAS!$X:$X) / (COUNTIF(ASISTENCIAS!$A:$A, $A11) * $H11) * 100, 0) -> 89.230769 | K11: =IFERROR(COUNTIFS(ASISTENCIAS!$A:$A, $A11, ASISTENCIAS!$Y:$Y, TRUE) / COUNTIF(ASISTENCIAS!$A:$A, $A11)*100,0) -> 92.307692
A12: EXO_1 | B12: =B11+1 -> 11 | C12: LARGA VIDA Y... EXOPLANETAS | D12: EXOPLANETAS | E12: ASTRO | F12: 2025 | G12: AGO | H12: 5 | I12: =COUNTIF(ASISTENCIAS!$A:$A, $A12) -> 18 | J12: =IFERROR(SUMIF(ASISTENCIAS!$A:$A, $A12, ASISTENCIAS!$X:$X) / (COUNTIF(ASISTENCIAS!$A:$A, $A12) * $H12) * 100, 0) -> 62.222222 | K12: =IFERROR(COUNTIFS(ASISTENCIAS!$A:$A, $A12, ASISTENCIAS!$Y:$Y, TRUE) / COUNTIF(ASISTENCIAS!$A:$A, $A12)*100,0) -> 61.111111
A13: EXP_1 | B13: =B12+1 -> 12 | C13: HOMO COSMICUS | D13: EXPLORACION | E13: ASTRO | F13: 2025 | G13: SEP | H13: 5 | I13: =COUNTIF(ASISTENCIAS!$A:$A, $A13) -> 12 | J13: =IFERROR(SUMIF(ASISTENCIAS!$A:$A, $A13, ASISTENCIAS!$X:$X) / (COUNTIF(ASISTENCIAS!$A:$A, $A13) * $H13) * 100, 0) -> 81.666667 | K13: =IFERROR(COUNTIFS(ASISTENCIAS!$A:$A, $A13, ASISTENCIAS!$Y:$Y, TRUE) / COUNTIF(ASISTENCIAS!$A:$A, $A13)*100,0) -> 75
A14: PRE_1 | B14: =B13+1 -> 13 | C14: MATEMÁTICAS PREOLÍMPICAS | D14: INTRODUCCION A LAS OLIMPIADAS DE MATEMÁTICAS | E14: MATE | F14: 2025 | G14: SEP | H14: 8 | I14: =COUNTIF(ASISTENCIAS!$A:$A, $A14) -> 8 | J14: =IFERROR(SUMIF(ASISTENCIAS!$A:$A, $A14, ASISTENCIAS!$X:$X) / (COUNTIF(ASISTENCIAS!$A:$A, $A14) * $H14) * 100, 0) -> 68.75 | K14: =IFERROR(COUNTIFS(ASISTENCIAS!$A:$A, $A14, ASISTENCIAS!$Y:$Y, TRUE) / COUNTIF(ASISTENCIAS!$A:$A, $A14)*100,0) -> 75
A15: CL_1 | B15: 14 | C15: GUARDIANES DE LA NOCHE | D15: CONTAMINACION LUMINICA | E15: ASTRO | F15: 2025 | G15: OCT | H15: 10 | I15: =COUNTIF(ASISTENCIAS!$A:$A, $A15) -> 84 | J15: =IFERROR(SUMIF(ASISTENCIAS!$A:$A, $A15, ASISTENCIAS!$X:$X) / (COUNTIF(ASISTENCIAS!$A:$A, $A15) * $H15) * 100, 0) -> 41.904762 | K15: =IFERROR(COUNTIFS(ASISTENCIAS!$A:$A, $A15, ASISTENCIAS!$Y:$Y, TRUE) / COUNTIF(ASISTENCIAS!$A:$A, $A15)*100,0) -> 57.142857
A16: COS_1 | B16: 15 | C16: EL DESPERTAR DEL COSMOS | D16: COSMOLOGIA | E16: ASTRO | F16: 2025 | G16: NOV | H16: 5 | I16: =COUNTIF(ASISTENCIAS!$A:$A, $A16) -> 16 | J16: =IFERROR(SUMIF(ASISTENCIAS!$A:$A, $A16, ASISTENCIAS!$X:$X) / (COUNTIF(ASISTENCIAS!$A:$A, $A16) * $H16) * 100, 0) -> 96.25 | K16: =IFERROR(COUNTIFS(ASISTENCIAS!$A:$A, $A16, ASISTENCIAS!$Y:$Y, TRUE) / COUNTIF(ASISTENCIAS!$A:$A, $A16)*100,0) -> 81.25
A17: COM_1 | B17: 16 | C17: COMBINATORIA | D17: COMBINATORIA | E17: MATE | F17: 2025 | G17: NOV | H17: 8 | I17: =COUNTIF(ASISTENCIAS!$A:$A, $A17) -> 9 | J17: =IFERROR(SUMIF(ASISTENCIAS!$A:$A, $A17, ASISTENCIAS!$X:$X) / (COUNTIF(ASISTENCIAS!$A:$A, $A17) * $H17) * 100, 0) -> 97.222222 | K17: =IFERROR(COUNTIFS(ASISTENCIAS!$A:$A, $A17, ASISTENCIAS!$Y:$Y, TRUE) / COUNTIF(ASISTENCIAS!$A:$A, $A17)*100,0) -> 100
A18: TEL_2 | B18: 17 | C18: MONTAJE Y MANEJO DE TELESCOPIOS | D18: TELESCOPIOS | E18: ASTRO | F18: 2025 | G18: DIC | H18: 5 | I18: =COUNTIF(ASISTENCIAS!$A:$A, $A18) -> 15 | J18: =IFERROR(SUMIF(ASISTENCIAS!$A:$A, $A18, ASISTENCIAS!$X:$X) / (COUNTIF(ASISTENCIAS!$A:$A, $A18) * $H18) * 100, 0) -> 73.333333 | K18: =IFERROR(COUNTIFS(ASISTENCIAS!$A:$A, $A18, ASISTENCIAS!$Y:$Y, TRUE) / COUNTIF(ASISTENCIAS!$A:$A, $A18)*100,0) -> 73.333333
A19: CON_2 | B19: 18 | C19: EL ROMPECABEZAS DEL CIELO | D19: CONSTELACIONES | E19: ASTRO | F19: 2026 | G19: ENE | H19: 5 | I19: =COUNTIF(ASISTENCIAS!$A:$A, $A19) -> 37 | J19: =IFERROR(SUMIF(ASISTENCIAS!$A:$A, $A19, ASISTENCIAS!$X:$X) / (COUNTIF(ASISTENCIAS!$A:$A, $A19) * $H19) * 100, 0) -> 10.810811 | K19: =IFERROR(COUNTIFS(ASISTENCIAS!$A:$A, $A19, ASISTENCIAS!$Y:$Y, TRUE) / COUNTIF(ASISTENCIAS!$A:$A, $A19)*100,0) -> 0
A20: NUM_1 | B20: 19 | C20: TEORÍA DE NÚMEROS | D20: TEORÍA DE NÚMEROS | E20: MATE | F20: 2026 | G20: ENE | H20: 8 | I20: =COUNTIF(ASISTENCIAS!$A:$A, $A20) -> 7 | J20: =IFERROR(SUMIF(ASISTENCIAS!$A:$A, $A20, ASISTENCIAS!$X:$X) / (COUNTIF(ASISTENCIAS!$A:$A, $A20) * $H20) * 100, 0) -> 23.214286 | K20: =IFERROR(COUNTIFS(ASISTENCIAS!$A:$A, $A20, ASISTENCIAS!$Y:$Y, TRUE) / COUNTIF(ASISTENCIAS!$A:$A, $A20)*100,0) -> 0
A21: IPhyC2025 | B21: 20 | C21: COMPETENCIA INTERNACIONAL DE FÍSICA | D21: FÍSICA | E21: FIS | F21: 2026 | G21: ENE | H21: por determinar | I21: =COUNTIF(ASISTENCIAS!$A:$A, $A21) -> 8 | J21: por determinar | K21: por determinar

Sheet REGOLITOS
A1: ID_Persona | B1: Nombre | C1: Año de ingreso | D1: Fecha de nacimiento | E1: Edad | F1: Ocupación | G1: Procedencia | H1: Telefono | I1: Correo | J1: Tutor | K1: Grupo de edad
A2: P0001 | B2: ="NombreDePersona_"&TEXT(ROW(A1),"000") -> NombreDePersona_001 | C2: 2025 | D2: =TODAY() - RANDBETWEEN(8*365, 99*365) -> 25545 | E2: =DATEDIF(D2, TODAY(), "Y") -> 56 | F2: Estudiante | G2: Estado de México | H2: ="55 55 "&TEXT(ROW(A1)-1,"0000")&" "&TEXT(ROW(A1)-1,"0000") -> 55 55 0000 0000 | I2: ="usuario"&ROW(A1)-1&"@ejemplo.com" -> usuario0@ejemplo.com | J2: =IF( DATEDIF(D2, DATE(2025,1,1), "Y") < 18, "Tutor_" & TEXT(ROW(A1)-1,"000"), "" ) | K2: =IF( E2="", "", IF( ISNUMBER(E2), IF(E2<=12,"Infancia", IF(E2<=17,"Adolescente", IF(E2<=29,"Jóven adulto", IF(E2<=59,"Adulto", IF(E2>=60,"Adulto Mayor","Desconocido") ) ) ) ), "Desconocido" )) -> Adulto
A3: P0002 | B3: ="NombreDePersona_"&TEXT(ROW(A2),"000") -> NombreDePersona_002 | C3: 2025 | D3: =TODAY() - RANDBETWEEN(8*365, 99*365) -> 42369 | E3: =DATEDIF(D3, TODAY(), "Y") -> 10 | F3: Docente | G3: Estado de México | H3: ="55 55 "&TEXT(ROW(A2)-1,"0000")&" "&TEXT(ROW(A2)-1,"0000") -> 55 55 0001 0001 | I3: ="usuario"&ROW(A2)-1&"@ejemplo.com" -> usuario1@ejemplo.com | J3: =IF( DATEDIF(D3, DATE(2025,1,1), "Y") < 18, "Tutor_" & TEXT(ROW(A2)-1,"000"), "" ) -> Tutor_001 | K3: =IF( E3="", "", IF( ISNUMBER(E3), IF(E3<=12,"Infancia", IF(E3<=17,"Adolescente", IF(E3<=29,"Jóven adulto", IF(E3<=59,"Adulto", IF(E3>=60,"Adulto Mayor","Desconocido") ) ) ) ), "Desconocido" )) -> Infancia
A4: P0003 | B4: ="NombreDePersona_"&TEXT(ROW(A3),"000") -> NombreDePersona_003 | C4: 2025 | D4: =TODAY() - RANDBETWEEN(8*365, 99*365) -> 13147 | E4: =DATEDIF(D4, TODAY(), "Y") -> 90 | F4: Docente | G4: Ciudad de México | H4: ="55 55 "&TEXT(ROW(A3)-1,"0000")&" "&TEXT(ROW(A3)-1,"0000") -> 55 55 0002 0002 | I4: ="usuario"&ROW(A3)-1&"@ejemplo.com" -> usuario2@ejemplo.com | J4: =IF( DATEDIF(D4, DATE(2025,1,1), "Y") < 18, "Tutor_" & TEXT(ROW(A3)-1,"000"), "" ) | K4: =IF( E4="", "", IF( ISNUMBER(E4), IF(E4<=12,"Infancia", IF(E4<=17,"Adolescente", IF(E4<=29,"Jóven adulto", IF(E4<=59,"Adulto", IF(E4>=60,"Adulto Mayor","Desconocido") ) ) ) ), "Desconocido" )) -> Adulto Mayor
A5: P0004 | B5: ="NombreDePersona_"&TEXT(ROW(A4),"000") -> NombreDePersona_004 | C5: 2025 | D5: =TODAY() - RANDBETWEEN(8*365, 99*365) -> 39872 | E5: =DATEDIF(D5, TODAY(), "Y") -> 16 | F5: Servidor público | G5: Ciudad de México | H5: ="55 55 "&TEXT(ROW(A4)-1,"0000")&" "&TEXT(ROW(A4)-1,"0000") -> 55 55 0003 0003 | I5: ="usuario"&ROW(A4)-1&"@ejemplo.com" -> usuario3@ejemplo.com | J5: =IF( DATEDIF(D5, DATE(2025,1,1), "Y") < 18, "Tutor_" & TEXT(ROW(A4)-1,"000"), "" ) -> Tutor_003 | K5: =IF( E5="", "", IF( ISNUMBER(E5), IF(E5<=12,"Infancia", IF(E5<=17,"Adolescente", IF(E5<=29,"Jóven adulto", IF(E5<=59,"Adulto", IF(E5>=60,"Adulto Mayor","Desconocido") ) ) ) ), "Desconocido" )) -> Adolescente
A6: P0005 | B6: ="NombreDePersona_"&TEXT(ROW(A5),"000") -> NombreDePersona_005 | C6: 2025 | D6: =TODAY() - RANDBETWEEN(8*365, 99*365) -> 38936 | E6: =DATEDIF(D6, TODAY(), "Y") -> 19 | F6: Perito criminalista | G6: Ciudad de México | H6: ="55 55 "&TEXT(ROW(A5)-1,"0000")&" "&TEXT(ROW(A5)-1,"0000") -> 55 55 0004 0004 | I6: ="usuario"&ROW(A5)-1&"@ejemplo.com" -> usuario4@ejemplo.com | J6: =IF( DATEDIF(D6, DATE(2025,1,1), "Y") < 18, "Tutor_" & TEXT(ROW(A5)-1,"000"), "" ) | K6: =IF( E6="", "", IF( ISNUMBER(E6), IF(E6<=12,"Infancia", IF(E6<=17,"Adolescente", IF(E6<=29,"Jóven adulto", IF(E6<=59,"Adulto", IF(E6>=60,"Adulto Mayor","Desconocido") ) ) ) ), "Desconocido" )) -> Jóven adulto
A7: P0006 | B7: ="NombreDePersona_"&TEXT(ROW(A6),"000") -> NombreDePersona_006 | C7: 2024 | D7: =TODAY() - RANDBETWEEN(8*365, 99*365) -> 27887 | E7: =DATEDIF(D7, TODAY(), "Y") -> 49 | F7: Desconocido | G7: Veracruz | H7: ="55 55 "&TEXT(ROW(A6)-1,"0000")&" "&TEXT(ROW(A6)-1,"0000") -> 55 55 0005 0005 | I7: ="usuario"&ROW(A6)-1&"@ejemplo.com" -> usuario5@ejemplo.com | J7: =IF( DATEDIF(D7, DATE(2025,1,1), "Y") < 18, "Tutor_" & TEXT(ROW(A6)-1,"000"), "" ) | K7: =IF( E7="", "", IF( ISNUMBER(E7), IF(E7<=12,"Infancia", IF(E7<=17,"Adolescente", IF(E7<=29,"Jóven adulto", IF(E7<=59,"Adulto", IF(E7>=60,"Adulto Mayor","Desconocido") ) ) ) ), "Desconocido" )) -> Adulto
A8: P0007 | B8: ="NombreDePersona_"&TEXT(ROW(A7),"000") -> NombreDePersona_007 | C8: 2025 | D8: =TODAY() - RANDBETWEEN(8*365, 99*365) -> 34115 | E8: =DATEDIF(D8, TODAY(), "Y") -> 32 | F8: Maestra | G8: Quintana Roo | H8: ="55 55 "&TEXT(ROW(A7)-1,"0000")&" "&TEXT(ROW(A7)-1,"0000") -> 55 55 0006 0006 | I8: ="usuario"&ROW(A7)-1&"@ejemplo.com" -> usuario6@ejemplo.com | J8: =IF( DATEDIF(D8, DATE(2025,1,1), "Y") < 18, "Tutor_" & TEXT(ROW(A7)-1,"000"), "" ) | K8: =IF( E8="", "", IF( ISNUMBER(E8), IF(E8<=12,"Infancia", IF(E8<=17,"Adolescente", IF(E8<=29,"Jóven adulto", IF(E8<=59,"Adulto", IF(E8>=60,"Adulto Mayor","Desconocido") ) ) ) ), "Desconocido" )) -> Adulto
A9: P0008 | B9: ="NombreDePersona_"&TEXT(ROW(A8),"000") -> NombreDePersona_008 | C9: 2025 | D9: =TODAY() - RANDBETWEEN(8*365, 99*365) -> 11303 | E9: =DATEDIF(D9, TODAY(), "Y") -> 95 | F9: Estudiante | G9: Ciudad de México | H9: ="55 55 "&TEXT(ROW(A8)-1,"0000")&" "&TEXT(ROW(A8)-1,"0000") -> 55 55 0007 0007 | I9: ="usuario"&ROW(A8)-1&"@ejemplo.com" -> usuario7@ejemplo.com | J9: =IF( DATEDIF(D9, DATE(2025,1,1), "Y") < 18, "Tutor_" & TEXT(ROW(A8)-1,"000"), "" ) | K9: =IF( E9="", "", IF( ISNUMBER(E9), IF(E9<=12,"Infancia", IF(E9<=17,"Adolescente", IF(E9<=29,"Jóven adulto", IF(E9<=59,"Adulto", IF(E9>=60,"Adulto Mayor","Desconocido") ) ) ) ), "Desconocido" )) -> Adulto Mayor
A10: P0009 | B10: ="NombreDePersona_"&TEXT(ROW(A9),"000") -> NombreDePersona_009 | C10: 2024 | D10: =TODAY() - RANDBETWEEN(8*365, 99*365) -> 18576 | E10: =DATEDIF(D10, TODAY(), "Y") -> 75 | F10: Investigadora | G10: Ciudad de México | H10: ="55 55 "&TEXT(ROW(A9)-1,"0000")&" "&TEXT(ROW(A9)-1,"0000") -> 55 55 0008 0008 | I10: ="usuario"&ROW(A9)-1&"@ejemplo.com" -> usuario8@ejemplo.com | J10: =IF( DATEDIF(D10, DATE(2025,1,1), "Y") < 18, "Tutor_" & TEXT(ROW(A9)-1,"000"), "" ) | K10: =IF( E10="", "", IF( ISNUMBER(E10), IF(E10<=12,"Infancia", IF(E10<=17,"Adolescente", IF(E10<=29,"Jóven adulto", IF(E10<=59,"Adulto", IF(E10>=60,"Adulto Mayor","Desconocido") ) ) ) ), "Desconocido" )) -> Adulto Mayor
A11: P0010 | B11: ="NombreDePersona_"&TEXT(ROW(A10),"000") -> NombreDePersona_010 | C11: 2025 | D11: =TODAY() - RANDBETWEEN(8*365, 99*365) -> 27024 | E11: =DATEDIF(D11, TODAY(), "Y") -> 52 | F11: Estudiante | G11: Estado de México | H11: ="55 55 "&TEXT(ROW(A10)-1,"0000")&" "&TEXT(ROW(A10)-1,"0000") -> 55 55 0009 0009 | I11: ="usuario"&ROW(A10)-1&"@ejemplo.com" -> usuario9@ejemplo.com | J11: =IF( DATEDIF(D11, DATE(2025,1,1), "Y") < 18, "Tutor_" & TEXT(ROW(A10)-1,"000"), "" ) | K11: =IF( E11="", "", IF( ISNUMBER(E11), IF(E11<=12,"Infancia", IF(E11<=17,"Adolescente", IF(E11<=29,"Jóven adulto", IF(E11<=59,"Adulto", IF(E11>=60,"Adulto Mayor","Desconocido") ) ) ) ), "Desconocido" )) -> Adulto
A12: P0011 | B12: ="NombreDePersona_"&TEXT(ROW(A11),"000") -> NombreDePersona_011 | C12: 2024 | D12: =TODAY() - RANDBETWEEN(8*365, 99*365) -> 17400 | E12: =DATEDIF(D12, TODAY(), "Y") -> 78 | F12: Estudiante | G12: Desconocido | H12: ="55 55 "&TEXT(ROW(A11)-1,"0000")&" "&TEXT(ROW(A11)-1,"0000") -> 55 55 0010 0010 | I12: ="usuario"&ROW(A11)-1&"@ejemplo.com" -> usuario10@ejemplo.com | J12: =IF( DATEDIF(D12, DATE(2025,1,1), "Y") < 18, "Tutor_" & TEXT(ROW(A11)-1,"000"), "" ) | K12: =IF( E12="", "", IF( ISNUMBER(E12), IF(E12<=12,"Infancia", IF(E12<=17,"Adolescente", IF(E12<=29,"Jóven adulto", IF(E12<=59,"Adulto", IF(E12>=60,"Adulto Mayor","Desconocido") ) ) ) ), "Desconocido" )) -> Adulto Mayor
A13: P0012 | B13: ="NombreDePersona_"&TEXT(ROW(A12),"000") -> NombreDePersona_012 | C13: 2025 | D13: =TODAY() - RANDBETWEEN(8*365, 99*365) -> 21417 | E13: =DATEDIF(D13, TODAY(), "Y") -> 67 | F13: Estudiante | G13: Chile | H13: ="55 55 "&TEXT(ROW(A12)-1,"0000")&" "&TEXT(ROW(A12)-1,"0000") -> 55 55 0011 0011 | I13: ="usuario"&ROW(A12)-1&"@ejemplo.com" -> usuario11@ejemplo.com | J13: =IF( DATEDIF(D13, DATE(2025,1,1), "Y") < 18, "Tutor_" & TEXT(ROW(A12)-1,"000"), "" ) | K13: =IF( E13="", "", IF( ISNUMBER(E13), IF(E13<=12,"Infancia", IF(E13<=17,"Adolescente", IF(E13<=29,"Jóven adulto", IF(E13<=59,"Adulto", IF(E13>=60,"Adulto Mayor","Desconocido") ) ) ) ), "Desconocido" )) -> Adulto Mayor
... A32: P0031 | B32: ="NombreDePersona_"&TEXT(ROW(A31),"000") -> NombreDePersona_031 | C32: 2024 | D32: =TODAY() - RANDBETWEEN(8*365, 99*365) -> 33049 | E32: =DATEDIF(D32, TODAY(), "Y") -> 35 | F32: Hogar | G32: Quintana Roo | H32: ="55 55 "&TEXT(ROW(A31)-1,"0000")&" "&TEXT(ROW(A31)-1,"0000") -> 55 55 0030 0030 | I32: ="usuario"&ROW(A31)-1&"@ejemplo.com" -> usuario30@ejemplo.com | J32: =IF( DATEDIF(D32, DATE(2025,1,1), "Y") < 18, "Tutor_" & TEXT(ROW(A31)-1,"000"), "" ) | K32: =IF( E32="", "", IF( ISNUMBER(E32), IF(E32<=12,"Infancia", IF(E32<=17,"Adolescente", IF(E32<=29,"Jóven adulto", IF(E32<=59,"Adulto", IF(E32>=60,"Adulto Mayor","Desconocido") ) ) ) ), "Desconocido" )) -> Adulto
A33: P0032 | B33: ="NombreDePersona_"&TEXT(ROW(A32),"000") -> NombreDePersona_032 | C33: 2024 | D33: =TODAY() - RANDBETWEEN(8*365, 99*365) -> 27600 | E33: =DATEDIF(D33, TODAY(), "Y") -> 50 | F33: Estudiante | G33: Desconocido | H33: ="55 55 "&TEXT(ROW(A32)-1,"0000")&" "&TEXT(ROW(A32)-1,"0000") -> 55 55 0031 0031 | I33: ="usuario"&ROW(A32)-1&"@ejemplo.com" -> usuario31@ejemplo.com | J33: =IF( DATEDIF(D33, DATE(2025,1,1), "Y") < 18, "Tutor_" & TEXT(ROW(A32)-1,"000"), "" ) | K33: Infancia
A34: P0033 | B34: ="NombreDePersona_"&TEXT(ROW(A33),"000") -> NombreDePersona_033 | C34: 2025 | D34: =TODAY() - RANDBETWEEN(8*365, 99*365) -> 34511 | E34: =DATEDIF(D34, TODAY(), "Y") -> 31 | F34: Estudiante | G34: Ciudad de México | H34: ="55 55 "&TEXT(ROW(A33)-1,"0000")&" "&TEXT(ROW(A33)-1,"0000") -> 55 55 0032 0032 | I34: ="usuario"&ROW(A33)-1&"@ejemplo.com" -> usuario32@ejemplo.com | J34: =IF( DATEDIF(D34, DATE(2025,1,1), "Y") < 18, "Tutor_" & TEXT(ROW(A33)-1,"000"), "" ) | K34: =IF( E34="", "", IF( ISNUMBER(E34), IF(E34<=12,"Infancia", IF(E34<=17,"Adolescente", IF(E34<=29,"Jóven adulto", IF(E34<=59,"Adulto", IF(E34>=60,"Adulto Mayor","Desconocido") ) ) ) ), "Desconocido" )) -> Adulto
A35: P0034 | B35: ="NombreDePersona_"&TEXT(ROW(A34),"000") -> NombreDePersona_034 | C35: 2024 | D35: =TODAY() - RANDBETWEEN(8*365, 99*365) -> 36378 | E35: =DATEDIF(D35, TODAY(), "Y") -> 26 | F35: Estudiante | G35: Desconocido | H35: ="55 55 "&TEXT(ROW(A34)-1,"0000")&" "&TEXT(ROW(A34)-1,"0000") -> 55 55 0033 0033 | I35: ="usuario"&ROW(A34)-1&"@ejemplo.com" -> usuario33@ejemplo.com | J35: =IF( DATEDIF(D35, DATE(2025,1,1), "Y") < 18, "Tutor_" & TEXT(ROW(A34)-1,"000"), "" ) | K35: Infancia
A36: P0035 | B36: ="NombreDePersona_"&TEXT(ROW(A35),"000") -> NombreDePersona_035 | C36: 2024 | D36: =TODAY() - RANDBETWEEN(8*365, 99*365) -> 28215 | E36: =DATEDIF(D36, TODAY(), "Y") -> 48 | F36: Desconocido | G36: Ciudad de México | H36: ="55 55 "&TEXT(ROW(A35)-1,"0000")&" "&TEXT(ROW(A35)-1,"0000") -> 55 55 0034 0034 | I36: ="usuario"&ROW(A35)-1&"@ejemplo.com" -> usuario34@ejemplo.com | J36: =IF( DATEDIF(D36, DATE(2025,1,1), "Y") < 18, "Tutor_" & TEXT(ROW(A35)-1,"000"), "" ) | K36: =IF( E36="", "", IF( ISNUMBER(E36), IF(E36<=12,"Infancia", IF(E36<=17,"Adolescente", IF(E36<=29,"Jóven adulto", IF(E36<=59,"Adulto", IF(E36>=60,"Adulto Mayor","Desconocido") ) ) ) ), "Desconocido" )) -> Adulto
A37: P0036 | B37: ="NombreDePersona_"&TEXT(ROW(A36),"000") -> NombreDePersona_036 | C37: 2025 | D37: =TODAY() - RANDBETWEEN(8*365, 99*365) -> 37467 | E37: =DATEDIF(D37, TODAY(), "Y") -> 23 | F37: Estudiante | G37: Jalisco | H37: ="55 55 "&TEXT(ROW(A36)-1,"0000")&" "&TEXT(ROW(A36)-1,"0000") -> 55 55 0035 0035 | I37: ="usuario"&ROW(A36)-1&"@ejemplo.com" -> usuario35@ejemplo.com | J37: =IF( DATEDIF(D37, DATE(2025,1,1), "Y") < 18, "Tutor_" & TEXT(ROW(A36)-1,"000"), "" ) | K37: =IF( E37="", "", IF( ISNUMBER(E37), IF(E37<=12,"Infancia", IF(E37<=17,"Adolescente", IF(E37<=29,"Jóven adulto", IF(E37<=59,"Adulto", IF(E37>=60,"Adulto Mayor","Desconocido") ) ) ) ), "Desconocido" )) -> Jóven adulto
A38: P0037 | B38: ="NombreDePersona_"&TEXT(ROW(A37),"000") -> NombreDePersona_037 | C38: 2025 | D38: =TODAY() - RANDBETWEEN(8*365, 99*365) -> 10104 | E38: =DATEDIF(D38, TODAY(), "Y") -> 98 | F38: Estudiante | G38: Sinaloa | H38: ="55 55 "&TEXT(ROW(A37)-1,"0000")&" "&TEXT(ROW(A37)-1,"0000") -> 55 55 0036 0036 | I38: ="usuario"&ROW(A37)-1&"@ejemplo.com" -> usuario36@ejemplo.com | J38: =IF( DATEDIF(D38, DATE(2025,1,1), "Y") < 18, "Tutor_" & TEXT(ROW(A37)-1,"000"), "" ) | K38: =IF( E38="", "", IF( ISNUMBER(E38), IF(E38<=12,"Infancia", IF(E38<=17,"Adolescente", IF(E38<=29,"Jóven adulto", IF(E38<=59,"Adulto", IF(E38>=60,"Adulto Mayor","Desconocido") ) ) ) ), "Desconocido" )) -> Adulto Mayor
A39: P0038 | B39: ="NombreDePersona_"&TEXT(ROW(A38),"000") -> NombreDePersona_038 | C39: 2024 | D39: =TODAY() - RANDBETWEEN(8*365, 99*365) -> 12186 | E39: =DATEDIF(D39, TODAY(), "Y") -> 92 | F39: Estudiante | G39: Estado de México | H39: ="55 55 "&TEXT(ROW(A38)-1,"0000")&" "&TEXT(ROW(A38)-1,"0000") -> 55 55 0037 0037 | I39: ="usuario"&ROW(A38)-1&"@ejemplo.com" -> usuario37@ejemplo.com | J39: =IF( DATEDIF(D39, DATE(2025,1,1), "Y") < 18, "Tutor_" & TEXT(ROW(A38)-1,"000"), "" ) | K39: =IF( E39="", "", IF( ISNUMBER(E39), IF(E39<=12,"Infancia", IF(E39<=17,"Adolescente", IF(E39<=29,"Jóven adulto", IF(E39<=59,"Adulto", IF(E39>=60,"Adulto Mayor","Desconocido") ) ) ) ), "Desconocido" )) -> Adulto Mayor
A40: P0039 | B40: ="NombreDePersona_"&TEXT(ROW(A39),"000") -> NombreDePersona_039 | C40: 2025 | D40: =TODAY() - RANDBETWEEN(8*365, 99*365) -> 14521 | E40: =DATEDIF(D40, TODAY(), "Y") -> 86 | F40: Estudiante | G40: Guerrero | H40: ="55 55 "&TEXT(ROW(A39)-1,"0000")&" "&TEXT(ROW(A39)-1,"0000") -> 55 55 0038 0038 | I40: ="usuario"&ROW(A39)-1&"@ejemplo.com" -> usuario38@ejemplo.com | J40: =IF( DATEDIF(D40, DATE(2025,1,1), "Y") < 18, "Tutor_" & TEXT(ROW(A39)-1,"000"), "" ) | K40: =IF( E40="", "", IF( ISNUMBER(E40), IF(E40<=12,"Infancia", IF(E40<=17,"Adolescente", IF(E40<=29,"Jóven adulto", IF(E40<=59,"Adulto", IF(E40>=60,"Adulto Mayor","Desconocido") ) ) ) ), "Desconocido" )) -> Adulto Mayor
A41: P0040 | B41: ="NombreDePersona_"&TEXT(ROW(A40),"000") -> NombreDePersona_040 | C41: 2025 | D41: =TODAY() - RANDBETWEEN(8*365, 99*365) -> 41113 | E41: =DATEDIF(D41, TODAY(), "Y") -> 13 | F41: Ama de casa | G41: Estado de México. | H41: ="55 55 "&TEXT(ROW(A40)-1,"0000")&" "&TEXT(ROW(A40)-1,"0000") -> 55 55 0039 0039 | I41: ="usuario"&ROW(A40)-1&"@ejemplo.com" -> usuario39@ejemplo.com | J41: =IF( DATEDIF(D41, DATE(2025,1,1), "Y") < 18, "Tutor_" & TEXT(ROW(A40)-1,"000"), "" ) -> Tutor_039 | K41: =IF( E41="", "", IF( ISNUMBER(E41), IF(E41<=12,"Infancia", IF(E41<=17,"Adolescente", IF(E41<=29,"Jóven adulto", IF(E41<=59,"Adulto", IF(E41>=60,"Adulto Mayor","Desconocido") ) ) ) ), "Desconocido" )) -> Adolescente
A42: P0041 | B42: ="NombreDePersona_"&TEXT(ROW(A41),"000") -> NombreDePersona_041 | C42: 2025 | D42: =TODAY() - RANDBETWEEN(8*365, 99*365) -> 11198 | E42: =DATEDIF(D42, TODAY(), "Y") -> 95 | F42: Terapeuta alternativo | G42: San Luís Potosí | H42: ="55 55 "&TEXT(ROW(A41)-1,"0000")&" "&TEXT(ROW(A41)-1,"0000") -> 55 55 0040 0040 | I42: ="usuario"&ROW(A41)-1&"@ejemplo.com" -> usuario40@ejemplo.com | J42: =IF( DATEDIF(D42, DATE(2025,1,1), "Y") < 18, "Tutor_" & TEXT(ROW(A41)-1,"000"), "" ) | K42: =IF( E42="", "", IF( ISNUMBER(E42), IF(E42<=12,"Infancia", IF(E42<=17,"Adolescente", IF(E42<=29,"Jóven adulto", IF(E42<=59,"Adulto", IF(E42>=60,"Adulto Mayor","Desconocido") ) ) ) ), "Desconocido" )) -> Adulto Mayor
A43: P0042 | B43: ="NombreDePersona_"&TEXT(ROW(A42),"000") -> NombreDePersona_042 | C43: 2025 | D43: =TODAY() - RANDBETWEEN(8*365, 99*365) -> 12937 | E43: =DATEDIF(D43, TODAY(), "Y") -> 90 | F43: Estudiante | G43: Ciudad de México | H43: ="55 55 "&TEXT(ROW(A42)-1,"0000")&" "&TEXT(ROW(A42)-1,"0000") -> 55 55 0041 0041 | I43: ="usuario"&ROW(A42)-1&"@ejemplo.com" -> usuario41@ejemplo.com | J43: =IF( DATEDIF(D43, DATE(2025,1,1), "Y") < 18, "Tutor_" & TEXT(ROW(A42)-1,"000"), "" ) | K43: =IF( E43="", "", IF( ISNUMBER(E43), IF(E43<=12,"Infancia", IF(E43<=17,"Adolescente", IF(E43<=29,"Jóven adulto", IF(E43<=59,"Adulto", IF(E43>=60,"Adulto Mayor","Desconocido") ) ) ) ), "Desconocido" )) -> Adulto Mayor
A44: P0043 | B44: ="NombreDePersona_"&TEXT(ROW(A43),"000") -> NombreDePersona_043 | C44: 2025 | D44: =TODAY() - RANDBETWEEN(8*365, 99*365) -> 35458 | E44: =DATEDIF(D44, TODAY(), "Y") -> 28 | F44: Estudiante | G44: Morelos | H44: ="55 55 "&TEXT(ROW(A43)-1,"0000")&" "&TEXT(ROW(A43)-1,"0000") -> 55 55 0042 0042 | I44: ="usuario"&ROW(A43)-1&"@ejemplo.com" -> usuario42@ejemplo.com | J44: =IF( DATEDIF(D44, DATE(2025,1,1), "Y") < 18, "Tutor_" & TEXT(ROW(A43)-1,"000"), "" ) | K44: =IF( E44="", "", IF( ISNUMBER(E44), IF(E44<=12,"Infancia", IF(E44<=17,"Adolescente", IF(E44<=29,"Jóven adulto", IF(E44<=59,"Adulto", IF(E44>=60,"Adulto Mayor","Desconocido") ) ) ) ), "Desconocido" )) -> Jóven adulto
A45: P0044 | B45: ="NombreDePersona_"&TEXT(ROW(A44),"000") -> NombreDePersona_044 | C45: 2025 | D45: =TODAY() - RANDBETWEEN(8*365, 99*365) -> 26404 | E45: =DATEDIF(D45, TODAY(), "Y") -> 53 | F45: Empleado | G45: Estado de México | H45: ="55 55 "&TEXT(ROW(A44)-1,"0000")&" "&TEXT(ROW(A44)-1,"0000") -> 55 55 0043 0043 | I45: ="usuario"&ROW(A44)-1&"@ejemplo.com" -> usuario43@ejemplo.com | J45: =IF( DATEDIF(D45, DATE(2025,1,1), "Y") < 18, "Tutor_" & TEXT(ROW(A44)-1,"000"), "" ) | K45: =IF( E45="", "", IF( ISNUMBER(E45), IF(E45<=12,"Infancia", IF(E45<=17,"Adolescente", IF(E45<=29,"Jóven adulto", IF(E45<=59,"Adulto", IF(E45>=60,"Adulto Mayor","Desconocido") ) ) ) ), "Desconocido" )) -> Adulto
A46: P0045 | B46: ="NombreDePersona_"&TEXT(ROW(A45),"000") -> NombreDePersona_045 | C46: 2025 | D46: =TODAY() - RANDBETWEEN(8*365, 99*365) -> 27136 | E46: =DATEDIF(D46, TODAY(), "Y") -> 51 | F46: Odontóloga | G46: Estado de México | H46: ="55 55 "&TEXT(ROW(A45)-1,"0000")&" "&TEXT(ROW(A45)-1,"0000") -> 55 55 0044 0044 | I46: ="usuario"&ROW(A45)-1&"@ejemplo.com" -> usuario44@ejemplo.com | J46: =IF( DATEDIF(D46, DATE(2025,1,1), "Y") < 18, "Tutor_" & TEXT(ROW(A45)-1,"000"), "" ) | K46: =IF( E46="", "", IF( ISNUMBER(E46), IF(E46<=12,"Infancia", IF(E46<=17,"Adolescente", IF(E46<=29,"Jóven adulto", IF(E46<=59,"Adulto", IF(E46>=60,"Adulto Mayor","Desconocido") ) ) ) ), "Desconocido" )) -> Adulto
A47: P0046 | B47: ="NombreDePersona_"&TEXT(ROW(A46),"000") -> NombreDePersona_046 | C47: 2025 | D47: =TODAY() - RANDBETWEEN(8*365, 99*365) -> 20583 | E47: =DATEDIF(D47, TODAY(), "Y") -> 69 | F47: Estudiante | G47: Ciudad de México | H47: ="55 55 "&TEXT(ROW(A46)-1,"0000")&" "&TEXT(ROW(A46)-1,"0000") -> 55 55 0045 0045 | I47: ="usuario"&ROW(A46)-1&"@ejemplo.com" -> usuario45@ejemplo.com | J47: =IF( DATEDIF(D47, DATE(2025,1,1), "Y") < 18, "Tutor_" & TEXT(ROW(A46)-1,"000"), "" ) | K47: =IF( E47="", "", IF( ISNUMBER(E47), IF(E47<=12,"Infancia", IF(E47<=17,"Adolescente", IF(E47<=29,"Jóven adulto", IF(E47<=59,"Adulto", IF(E47>=60,"Adulto Mayor","Desconocido") ) ) ) ), "Desconocido" )) -> Adulto Mayor
... A56: P0055 | B56: ="NombreDePersona_"&TEXT(ROW(A55),"000") -> NombreDePersona_055 | C56: 2025 | D56: =TODAY() - RANDBETWEEN(8*365, 99*365) -> 35050 | E56: =DATEDIF(D56, TODAY(), "Y") -> 30 | F56: Desconocido | G56: Desconocido | H56: ="55 55 "&TEXT(ROW(A55)-1,"0000")&" "&TEXT(ROW(A55)-1,"0000") -> 55 55 0054 0054 | I56: ="usuario"&ROW(A55)-1&"@ejemplo.com" -> usuario54@ejemplo.com | J56: =IF( DATEDIF(D56, DATE(2025,1,1), "Y") < 18, "Tutor_" & TEXT(ROW(A55)-1,"000"), "" ) | K56: =IF( E56="", "", IF( ISNUMBER(E56), IF(E56<=12,"Infancia", IF(E56<=17,"Adolescente", IF(E56<=29,"Jóven adulto", IF(E56<=59,"Adulto", IF(E56>=60,"Adulto Mayor","Desconocido") ) ) ) ), "Desconocido" )) -> Adulto
A57: P0056 | B57: ="NombreDePersona_"&TEXT(ROW(A56),"000") -> NombreDePersona_056 | C57: 2024 | D57: =TODAY() - RANDBETWEEN(8*365, 99*365) -> 36263 | E57: =DATEDIF(D57, TODAY(), "Y") -> 26 | F57: Estudiante | G57: Oaxaca | H57: ="55 55 "&TEXT(ROW(A56)-1,"0000")&" "&TEXT(ROW(A56)-1,"0000") -> 55 55 0055 0055 | I57: ="usuario"&ROW(A56)-1&"@ejemplo.com" -> usuario55@ejemplo.com | J57: =IF( DATEDIF(D57, DATE(2025,1,1), "Y") < 18, "Tutor_" & TEXT(ROW(A56)-1,"000"), "" ) | K57: Infancia
A58: P0057 | B58: ="NombreDePersona_"&TEXT(ROW(A57),"000") -> NombreDePersona_057 | C58: 2025 | D58: =TODAY() - RANDBETWEEN(8*365, 99*365) -> 36172 | E58: =DATEDIF(D58, TODAY(), "Y") -> 27 | F58: Estudiante | G58: Ciudad de México | H58: ="55 55 "&TEXT(ROW(A57)-1,"0000")&" "&TEXT(ROW(A57)-1,"0000") -> 55 55 0056 0056 | I58: ="usuario"&ROW(A57)-1&"@ejemplo.com" -> usuario56@ejemplo.com | J58: =IF( DATEDIF(D58, DATE(2025,1,1), "Y") < 18, "Tutor_" & TEXT(ROW(A57)-1,"000"), "" ) | K58: Infancia
A59: P0058 | B59: ="NombreDePersona_"&TEXT(ROW(A58),"000") -> NombreDePersona_058 | C59: 2025 | D59: =TODAY() - RANDBETWEEN(8*365, 99*365) -> 35888 | E59: =DATEDIF(D59, TODAY(), "Y") -> 27 | F59: Postdoctorante | G59: Jalisco | H59: ="55 55 "&TEXT(ROW(A58)-1,"0000")&" "&TEXT(ROW(A58)-1,"0000") -> 55 55 0057 0057 | I59: ="usuario"&ROW(A58)-1&"@ejemplo.com" -> usuario57@ejemplo.com | J59: =IF( DATEDIF(D59, DATE(2025,1,1), "Y") < 18, "Tutor_" & TEXT(ROW(A58)-1,"000"), "" ) | K59: =IF( E59="", "", IF( ISNUMBER(E59), IF(E59<=12,"Infancia", IF(E59<=17,"Adolescente", IF(E59<=29,"Jóven adulto", IF(E59<=59,"Adulto", IF(E59>=60,"Adulto Mayor","Desconocido") ) ) ) ), "Desconocido" )) -> Jóven adulto
A60: P0059 | B60: ="NombreDePersona_"&TEXT(ROW(A59),"000") -> NombreDePersona_059 | C60: 2025 | D60: =TODAY() - RANDBETWEEN(8*365, 99*365) -> 43102 | E60: =DATEDIF(D60, TODAY(), "Y") -> 8 | F60: Aula de medios | G60: Baja California | H60: ="55 55 "&TEXT(ROW(A59)-1,"0000")&" "&TEXT(ROW(A59)-1,"0000") -> 55 55 0058 0058 | I60: ="usuario"&ROW(A59)-1&"@ejemplo.com" -> usuario58@ejemplo.com | J60: =IF( DATEDIF(D60, DATE(2025,1,1), "Y") < 18, "Tutor_" & TEXT(ROW(A59)-1,"000"), "" ) -> Tutor_058 | K60: =IF( E60="", "", IF( ISNUMBER(E60), IF(E60<=12,"Infancia", IF(E60<=17,"Adolescente", IF(E60<=29,"Jóven adulto", IF(E60<=59,"Adulto", IF(E60>=60,"Adulto Mayor","Desconocido") ) ) ) ), "Desconocido" )) -> Infancia
A61: P0060 | B61: ="NombreDePersona_"&TEXT(ROW(A60),"000") -> NombreDePersona_060 | C61: 2025 | D61: =TODAY() - RANDBETWEEN(8*365, 99*365) -> 25230 | E61: =DATEDIF(D61, TODAY(), "Y") -> 56 | F61: Estudiante | G61: Ciudad de México | H61: ="55 55 "&TEXT(ROW(A60)-1,"0000")&" "&TEXT(ROW(A60)-1,"0000") -> 55 55 0059 0059 | I61: ="usuario"&ROW(A60)-1&"@ejemplo.com" -> usuario59@ejemplo.com | J61: =IF( DATEDIF(D61, DATE(2025,1,1), "Y") < 18, "Tutor_" & TEXT(ROW(A60)-1,"000"), "" ) | K61: =IF( E61="", "", IF( ISNUMBER(E61), IF(E61<=12,"Infancia", IF(E61<=17,"Adolescente", IF(E61<=29,"Jóven adulto", IF(E61<=59,"Adulto", IF(E61>=60,"Adulto Mayor","Desconocido") ) ) ) ), "Desconocido" )) -> Adulto
A62: P0061 | B62: ="NombreDePersona_"&TEXT(ROW(A61),"000") -> NombreDePersona_061 | C62: 2025 | D62: =TODAY() - RANDBETWEEN(8*365, 99*365) -> 38771 | E62: =DATEDIF(D62, TODAY(), "Y") -> 19 | F62: Desconocido | G62: Desconocido | H62: ="55 55 "&TEXT(ROW(A61)-1,"0000")&" "&TEXT(ROW(A61)-1,"0000") -> 55 55 0060 0060 | I62: ="usuario"&ROW(A61)-1&"@ejemplo.com" -> usuario60@ejemplo.com | J62: =IF( DATEDIF(D62, DATE(2025,1,1), "Y") < 18, "Tutor_" & TEXT(ROW(A61)-1,"000"), "" ) | K62: =IF( E62="", "", IF( ISNUMBER(E62), IF(E62<=12,"Infancia", IF(E62<=17,"Adolescente", IF(E62<=29,"Jóven adulto", IF(E62<=59,"Adulto", IF(E62>=60,"Adulto Mayor","Desconocido") ) ) ) ), "Desconocido" )) -> Jóven adulto
A63: P0062 | B63: ="NombreDePersona_"&TEXT(ROW(A62),"000") -> NombreDePersona_062 | C63: 2025 | D63: =TODAY() - RANDBETWEEN(8*365, 99*365) -> 10354 | E63: =DATEDIF(D63, TODAY(), "Y") -> 97 | F63: Estudiante | G63: Ciudad de México | H63: ="55 55 "&TEXT(ROW(A62)-1,"0000")&" "&TEXT(ROW(A62)-1,"0000") -> 55 55 0061 0061 | I63: ="usuario"&ROW(A62)-1&"@ejemplo.com" -> usuario61@ejemplo.com | J63: =IF( DATEDIF(D63, DATE(2025,1,1), "Y") < 18, "Tutor_" & TEXT(ROW(A62)-1,"000"), "" ) | K63: =IF( E63="", "", IF( ISNUMBER(E63), IF(E63<=12,"Infancia", IF(E63<=17,"Adolescente", IF(E63<=29,"Jóven adulto", IF(E63<=59,"Adulto", IF(E63>=60,"Adulto Mayor","Desconocido") ) ) ) ), "Desconocido" )) -> Adulto Mayor
A64: P0063 | B64: ="NombreDePersona_"&TEXT(ROW(A63),"000") -> NombreDePersona_063 | C64: 2025 | D64: =TODAY() - RANDBETWEEN(8*365, 99*365) -> 33167 | E64: =DATEDIF(D64, TODAY(), "Y") -> 35 | F64: Estudiante de Biología Marina | G64: Baja California Sur | H64: ="55 55 "&TEXT(ROW(A63)-1,"0000")&" "&TEXT(ROW(A63)-1,"0000") -> 55 55 0062 0062 | I64: ="usuario"&ROW(A63)-1&"@ejemplo.com" -> usuario62@ejemplo.com | J64: =IF( DATEDIF(D64, DATE(2025,1,1), "Y") < 18, "Tutor_" & TEXT(ROW(A63)-1,"000"), "" ) | K64: =IF( E64="", "", IF( ISNUMBER(E64), IF(E64<=12,"Infancia", IF(E64<=17,"Adolescente", IF(E64<=29,"Jóven adulto", IF(E64<=59,"Adulto", IF(E64>=60,"Adulto Mayor","Desconocido") ) ) ) ), "Desconocido" )) -> Adulto
A65: P0064 | B65: ="NombreDePersona_"&TEXT(ROW(A64),"000") -> NombreDePersona_064 | C65: 2025 | D65: =TODAY() - RANDBETWEEN(8*365, 99*365) -> 17654 | E65: =DATEDIF(D65, TODAY(), "Y") -> 77 | F65: Estudiante | G65: Ciudad de México | H65: ="55 55 "&TEXT(ROW(A64)-1,"0000")&" "&TEXT(ROW(A64)-1,"0000") -> 55 55 0063 0063 | I65: ="usuario"&ROW(A64)-1&"@ejemplo.com" -> usuario63@ejemplo.com | J65: =IF( DATEDIF(D65, DATE(2025,1,1), "Y") < 18, "Tutor_" & TEXT(ROW(A64)-1,"000"), "" ) | K65: =IF( E65="", "", IF( ISNUMBER(E65), IF(E65<=12,"Infancia", IF(E65<=17,"Adolescente", IF(E65<=29,"Jóven adulto", IF(E65<=59,"Adulto", IF(E65>=60,"Adulto Mayor","Desconocido") ) ) ) ), "Desconocido" )) -> Adulto Mayor
A66: P0065 | B66: ="NombreDePersona_"&TEXT(ROW(A65),"000") -> NombreDePersona_065 | C66: 2025 | D66: =TODAY() - RANDBETWEEN(8*365, 99*365) -> 40677 | E66: =DATEDIF(D66, TODAY(), "Y") -> 14 | F66: Estudiante | G66: Ciudad de México | H66: ="55 55 "&TEXT(ROW(A65)-1,"0000")&" "&TEXT(ROW(A65)-1,"0000") -> 55 55 0064 0064 | I66: ="usuario"&ROW(A65)-1&"@ejemplo.com" -> usuario64@ejemplo.com | J66: =IF( DATEDIF(D66, DATE(2025,1,1), "Y") < 18, "Tutor_" & TEXT(ROW(A65)-1,"000"), "" ) -> Tutor_064 | K66: =IF( E66="", "", IF( ISNUMBER(E66), IF(E66<=12,"Infancia", IF(E66<=17,"Adolescente", IF(E66<=29,"Jóven adulto", IF(E66<=59,"Adulto", IF(E66>=60,"Adulto Mayor","Desconocido") ) ) ) ), "Desconocido" )) -> Adolescente
A67: P0066 | B67: ="NombreDePersona_"&TEXT(ROW(A66),"000") -> NombreDePersona_066 | C67: 2025 | D67: =TODAY() - RANDBETWEEN(8*365, 99*365) -> 16449 | E67: =DATEDIF(D67, TODAY(), "Y") -> 81 | F67: Diseñadora gráfica | G67: Estado de México | H67: ="55 55 "&TEXT(ROW(A66)-1,"0000")&" "&TEXT(ROW(A66)-1,"0000") -> 55 55 0065 0065 | I67: ="usuario"&ROW(A66)-1&"@ejemplo.com" -> usuario65@ejemplo.com | J67: =IF( DATEDIF(D67, DATE(2025,1,1), "Y") < 18, "Tutor_" & TEXT(ROW(A66)-1,"000"), "" ) | K67: =IF( E67="", "", IF( ISNUMBER(E67), IF(E67<=12,"Infancia", IF(E67<=17,"Adolescente", IF(E67<=29,"Jóven adulto", IF(E67<=59,"Adulto", IF(E67>=60,"Adulto Mayor","Desconocido") ) ) ) ), "Desconocido" )) -> Adulto Mayor
A68: P0067 | B68: ="NombreDePersona_"&TEXT(ROW(A67),"000") -> NombreDePersona_067 | C68: 2025 | D68: =TODAY() - RANDBETWEEN(8*365, 99*365) -> 23374 | E68: =DATEDIF(D68, TODAY(), "Y") -> 62 | F68: Ingeniería Civil | G68: Ciudad de México | H68: ="55 55 "&TEXT(ROW(A67)-1,"0000")&" "&TEXT(ROW(A67)-1,"0000") -> 55 55 0066 0066 | I68: ="usuario"&ROW(A67)-1&"@ejemplo.com" -> usuario66@ejemplo.com | J68: =IF( DATEDIF(D68, DATE(2025,1,1), "Y") < 18, "Tutor_" & TEXT(ROW(A67)-1,"000"), "" ) | K68: =IF( E68="", "", IF( ISNUMBER(E68), IF(E68<=12,"Infancia", IF(E68<=17,"Adolescente", IF(E68<=29,"Jóven adulto", IF(E68<=59,"Adulto", IF(E68>=60,"Adulto Mayor","Desconocido") ) ) ) ), "Desconocido" )) -> Adulto Mayor
A69: P0068 | B69: ="NombreDePersona_"&TEXT(ROW(A68),"000") -> NombreDePersona_068 | C69: 2025 | D69: =TODAY() - RANDBETWEEN(8*365, 99*365) -> 34011 | E69: =DATEDIF(D69, TODAY(), "Y") -> 32 | F69: Empleado | G69: Estado de México | H69: ="55 55 "&TEXT(ROW(A68)-1,"0000")&" "&TEXT(ROW(A68)-1,"0000") -> 55 55 0067 0067 | I69: ="usuario"&ROW(A68)-1&"@ejemplo.com" -> usuario67@ejemplo.com | J69: =IF( DATEDIF(D69, DATE(2025,1,1), "Y") < 18, "Tutor_" & TEXT(ROW(A68)-1,"000"), "" ) | K69: =IF( E69="", "", IF( ISNUMBER(E69), IF(E69<=12,"Infancia", IF(E69<=17,"Adolescente", IF(E69<=29,"Jóven adulto", IF(E69<=59,"Adulto", IF(E69>=60,"Adulto Mayor","Desconocido") ) ) ) ), "Desconocido" )) -> Adulto
A70: P0069 | B70: ="NombreDePersona_"&TEXT(ROW(A69),"000") -> NombreDePersona_069 | C70: 2024 | D70: =TODAY() - RANDBETWEEN(8*365, 99*365) -> 40311 | E70: =DATEDIF(D70, TODAY(), "Y") -> 15 | F70: Ingeniería Sistemas | G70: Morelos | H70: ="55 55 "&TEXT(ROW(A69)-1,"0000")&" "&TEXT(ROW(A69)-1,"0000") -> 55 55 0068 0068 | I70: ="usuario"&ROW(A69)-1&"@ejemplo.com" -> usuario68@ejemplo.com | J70: =IF( DATEDIF(D70, DATE(2025,1,1), "Y") < 18, "Tutor_" & TEXT(ROW(A69)-1,"000"), "" ) -> Tutor_068 | K70: =IF( E70="", "", IF( ISNUMBER(E70), IF(E70<=12,"Infancia", IF(E70<=17,"Adolescente", IF(E70<=29,"Jóven adulto", IF(E70<=59,"Adulto", IF(E70>=60,"Adulto Mayor","Desconocido") ) ) ) ), "Desconocido" )) -> Adolescente
... A73: P0072 | B73: ="NombreDePersona_"&TEXT(ROW(A72),"000") -> NombreDePersona_072 | C73: 2025 | D73: =TODAY() - RANDBETWEEN(8*365, 99*365) -> 25543 | E73: =DATEDIF(D73, TODAY(), "Y") -> 56 | F73: Estudiante | G73: Baja California | H73: ="55 55 "&TEXT(ROW(A72)-1,"0000")&" "&TEXT(ROW(A72)-1,"0000") -> 55 55 0071 0071 | I73: ="usuario"&ROW(A72)-1&"@ejemplo.com" -> usuario71@ejemplo.com | J73: =IF( DATEDIF(D73, DATE(2025,1,1), "Y") < 18, "Tutor_" & TEXT(ROW(A72)-1,"000"), "" ) | K73: =IF( E73="", "", IF( ISNUMBER(E73), IF(E73<=12,"Infancia", IF(E73<=17,"Adolescente", IF(E73<=29,"Jóven adulto", IF(E73<=59,"Adulto", IF(E73>=60,"Adulto Mayor","Desconocido") ) ) ) ), "Desconocido" )) -> Adulto
A74: P0073 | B74: ="NombreDePersona_"&TEXT(ROW(A73),"000") -> NombreDePersona_073 | C74: 2024 | D74: =TODAY() - RANDBETWEEN(8*365, 99*365) -> 19233 | E74: =DATEDIF(D74, TODAY(), "Y") -> 73 | F74: Estudiante | G74: Nuevo León | H74: ="55 55 "&TEXT(ROW(A73)-1,"0000")&" "&TEXT(ROW(A73)-1,"0000") -> 55 55 0072 0072 | I74: ="usuario"&ROW(A73)-1&"@ejemplo.com" -> usuario72@ejemplo.com | J74: =IF( DATEDIF(D74, DATE(2025,1,1), "Y") < 18, "Tutor_" & TEXT(ROW(A73)-1,"000"), "" ) | K74: Infancia
A75: P0074 | B75: ="NombreDePersona_"&TEXT(ROW(A74),"000") -> NombreDePersona_074 | C75: 2025 | D75: =TODAY() - RANDBETWEEN(8*365, 99*365) -> 26213 | E75: =DATEDIF(D75, TODAY(), "Y") -> 54 | F75: Hogar | G75: Ciudad de México | H75: ="55 55 "&TEXT(ROW(A74)-1,"0000")&" "&TEXT(ROW(A74)-1,"0000") -> 55 55 0073 0073 | I75: ="usuario"&ROW(A74)-1&"@ejemplo.com" -> usuario73@ejemplo.com | J75: =IF( DATEDIF(D75, DATE(2025,1,1), "Y") < 18, "Tutor_" & TEXT(ROW(A74)-1,"000"), "" ) | K75: =IF( E75="", "", IF( ISNUMBER(E75), IF(E75<=12,"Infancia", IF(E75<=17,"Adolescente", IF(E75<=29,"Jóven adulto", IF(E75<=59,"Adulto", IF(E75>=60,"Adulto Mayor","Desconocido") ) ) ) ), "Desconocido" )) -> Adulto
A76: P0075 | B76: ="NombreDePersona_"&TEXT(ROW(A75),"000") -> NombreDePersona_075 | C76: 2025 | D76: =TODAY() - RANDBETWEEN(8*365, 99*365) -> 14658 | E76: =DATEDIF(D76, TODAY(), "Y") -> 85 | F76: Estudiante | G76: Estado de México | H76: ="55 55 "&TEXT(ROW(A75)-1,"0000")&" "&TEXT(ROW(A75)-1,"0000") -> 55 55 0074 0074 | I76: ="usuario"&ROW(A75)-1&"@ejemplo.com" -> usuario74@ejemplo.com | J76: =IF( DATEDIF(D76, DATE(2025,1,1), "Y") < 18, "Tutor_" & TEXT(ROW(A75)-1,"000"), "" ) | K76: =IF( E76="", "", IF( ISNUMBER(E76), IF(E76<=12,"Infancia", IF(E76<=17,"Adolescente", IF(E76<=29,"Jóven adulto", IF(E76<=59,"Adulto", IF(E76>=60,"Adulto Mayor","Desconocido") ) ) ) ), "Desconocido" )) -> Adulto Mayor
A77: P0076 | B77: ="NombreDePersona_"&TEXT(ROW(A76),"000") -> NombreDePersona_076 | C77: 2025 | D77: =TODAY() - RANDBETWEEN(8*365, 99*365) -> 21951 | E77: =DATEDIF(D77, TODAY(), "Y") -> 65 | F77: Estudiante | G77: Sinaloa | H77: ="55 55 "&TEXT(ROW(A76)-1,"0000")&" "&TEXT(ROW(A76)-1,"0000") -> 55 55 0075 0075 | I77: ="usuario"&ROW(A76)-1&"@ejemplo.com" -> usuario75@ejemplo.com | J77: =IF( DATEDIF(D77, DATE(2025,1,1), "Y") < 18, "Tutor_" & TEXT(ROW(A76)-1,"000"), "" ) | K77: =IF( E77="", "", IF( ISNUMBER(E77), IF(E77<=12,"Infancia", IF(E77<=17,"Adolescente", IF(E77<=29,"Jóven adulto", IF(E77<=59,"Adulto", IF(E77>=60,"Adulto Mayor","Desconocido") ) ) ) ), "Desconocido" )) -> Adulto Mayor
A78: P0077 | B78: ="NombreDePersona_"&TEXT(ROW(A77),"000") -> NombreDePersona_077 | C78: 2025 | D78: =TODAY() - RANDBETWEEN(8*365, 99*365) -> 28521 | E78: =DATEDIF(D78, TODAY(), "Y") -> 47 | F78: Estudio | G78: Estado de México | H78: ="55 55 "&TEXT(ROW(A77)-1,"0000")&" "&TEXT(ROW(A77)-1,"0000") -> 55 55 0076 0076 | I78: ="usuario"&ROW(A77)-1&"@ejemplo.com" -> usuario76@ejemplo.com | J78: =IF( DATEDIF(D78, DATE(2025,1,1), "Y") < 18, "Tutor_" & TEXT(ROW(A77)-1,"000"), "" ) | K78: =IF( E78="", "", IF( ISNUMBER(E78), IF(E78<=12,"Infancia", IF(E78<=17,"Adolescente", IF(E78<=29,"Jóven adulto", IF(E78<=59,"Adulto", IF(E78>=60,"Adulto Mayor","Desconocido") ) ) ) ), "Desconocido" )) -> Adulto
A79: P0078 | B79: ="NombreDePersona_"&TEXT(ROW(A78),"000") -> NombreDePersona_078 | C79: 2025 | D79: =TODAY() - RANDBETWEEN(8*365, 99*365) -> 27151 | E79: =DATEDIF(D79, TODAY(), "Y") -> 51 | F79: Estudiante | G79: Oaxaca | H79: ="55 55 "&TEXT(ROW(A78)-1,"0000")&" "&TEXT(ROW(A78)-1,"0000") -> 55 55 0077 0077 | I79: ="usuario"&ROW(A78)-1&"@ejemplo.com" -> usuario77@ejemplo.com | J79: =IF( DATEDIF(D79, DATE(2025,1,1), "Y") < 18, "Tutor_" & TEXT(ROW(A78)-1,"000"), "" ) | K79: =IF( E79="", "", IF( ISNUMBER(E79), IF(E79<=12,"Infancia", IF(E79<=17,"Adolescente", IF(E79<=29,"Jóven adulto", IF(E79<=59,"Adulto", IF(E79>=60,"Adulto Mayor","Desconocido") ) ) ) ), "Desconocido" )) -> Adulto
A80: P0079 | B80: ="NombreDePersona_"&TEXT(ROW(A79),"000") -> NombreDePersona_079 | C80: 2024 | D80: =TODAY() - RANDBETWEEN(8*365, 99*365) -> 42383 | E80: =DATEDIF(D80, TODAY(), "Y") -> 10 | F80: Estudiante | G80: Desconocido | H80: ="55 55 "&TEXT(ROW(A79)-1,"0000")&" "&TEXT(ROW(A79)-1,"0000") -> 55 55 0078 0078 | I80: ="usuario"&ROW(A79)-1&"@ejemplo.com" -> usuario78@ejemplo.com | J80: =IF( DATEDIF(D80, DATE(2025,1,1), "Y") < 18, "Tutor_" & TEXT(ROW(A79)-1,"000"), "" ) -> Tutor_078 | K80: =IF( E80="", "", IF( ISNUMBER(E80), IF(E80<=12,"Infancia", IF(E80<=17,"Adolescente", IF(E80<=29,"Jóven adulto", IF(E80<=59,"Adulto", IF(E80>=60,"Adulto Mayor","Desconocido") ) ) ) ), "Desconocido" )) -> Infancia
A81: P0080 | B81: ="NombreDePersona_"&TEXT(ROW(A80),"000") -> NombreDePersona_080 | C81: 2025 | D81: =TODAY() - RANDBETWEEN(8*365, 99*365) -> 26191 | E81: =DATEDIF(D81, TODAY(), "Y") -> 54 | F81: Oficina | G81: Ciudad de México | H81: ="55 55 "&TEXT(ROW(A80)-1,"0000")&" "&TEXT(ROW(A80)-1,"0000") -> 55 55 0079 0079 | I81: ="usuario"&ROW(A80)-1&"@ejemplo.com" -> usuario79@ejemplo.com | J81: =IF( DATEDIF(D81, DATE(2025,1,1), "Y") < 18, "Tutor_" & TEXT(ROW(A80)-1,"000"), "" ) | K81: =IF( E81="", "", IF( ISNUMBER(E81), IF(E81<=12,"Infancia", IF(E81<=17,"Adolescente", IF(E81<=29,"Jóven adulto", IF(E81<=59,"Adulto", IF(E81>=60,"Adulto Mayor","Desconocido") ) ) ) ), "Desconocido" )) -> Adulto
A82: P0081 | B82: ="NombreDePersona_"&TEXT(ROW(A81),"000") -> NombreDePersona_081 | C82: 2025 | D82: =TODAY() - RANDBETWEEN(8*365, 99*365) -> 13695 | E82: =DATEDIF(D82, TODAY(), "Y") -> 88 | F82: Docente | G82: Desconocido | H82: ="55 55 "&TEXT(ROW(A81)-1,"0000")&" "&TEXT(ROW(A81)-1,"0000") -> 55 55 0080 0080 | I82: ="usuario"&ROW(A81)-1&"@ejemplo.com" -> usuario80@ejemplo.com | J82: =IF( DATEDIF(D82, DATE(2025,1,1), "Y") < 18, "Tutor_" & TEXT(ROW(A81)-1,"000"), "" ) | K82: =IF( E82="", "", IF( ISNUMBER(E82), IF(E82<=12,"Infancia", IF(E82<=17,"Adolescente", IF(E82<=29,"Jóven adulto", IF(E82<=59,"Adulto", IF(E82>=60,"Adulto Mayor","Desconocido") ) ) ) ), "Desconocido" )) -> Adulto Mayor
A83: P0082 | B83: ="NombreDePersona_"&TEXT(ROW(A82),"000") -> NombreDePersona_082 | C83: 2025 | D83: =TODAY() - RANDBETWEEN(8*365, 99*365) -> 42761 | E83: =DATEDIF(D83, TODAY(), "Y") -> 8 | F83: Estudiante | G83: Estado de México | H83: ="55 55 "&TEXT(ROW(A82)-1,"0000")&" "&TEXT(ROW(A82)-1,"0000") -> 55 55 0081 0081 | I83: ="usuario"&ROW(A82)-1&"@ejemplo.com" -> usuario81@ejemplo.com | J83: =IF( DATEDIF(D83, DATE(2025,1,1), "Y") < 18, "Tutor_" & TEXT(ROW(A82)-1,"000"), "" ) -> Tutor_081 | K83: =IF( E83="", "", IF( ISNUMBER(E83), IF(E83<=12,"Infancia", IF(E83<=17,"Adolescente", IF(E83<=29,"Jóven adulto", IF(E83<=59,"Adulto", IF(E83>=60,"Adulto Mayor","Desconocido") ) ) ) ), "Desconocido" )) -> Infancia
A84: P0083 | B84: ="NombreDePersona_"&TEXT(ROW(A83),"000") -> NombreDePersona_083 | C84: 2024 | D84: =TODAY() - RANDBETWEEN(8*365, 99*365) -> 21893 | E84: =DATEDIF(D84, TODAY(), "Y") -> 66 | F84: Operadora de CTP | G84: Ciudad de México | H84: ="55 55 "&TEXT(ROW(A83)-1,"0000")&" "&TEXT(ROW(A83)-1,"0000") -> 55 55 0082 0082 | I84: ="usuario"&ROW(A83)-1&"@ejemplo.com" -> usuario82@ejemplo.com | J84: =IF( DATEDIF(D84, DATE(2025,1,1), "Y") < 18, "Tutor_" & TEXT(ROW(A83)-1,"000"), "" ) | K84: =IF( E84="", "", IF( ISNUMBER(E84), IF(E84<=12,"Infancia", IF(E84<=17,"Adolescente", IF(E84<=29,"Jóven adulto", IF(E84<=59,"Adulto", IF(E84>=60,"Adulto Mayor","Desconocido") ) ) ) ), "Desconocido" )) -> Adulto Mayor
A85: P0084 | B85: ="NombreDePersona_"&TEXT(ROW(A84),"000") -> NombreDePersona_084 | C85: 2025 | D85: =TODAY() - RANDBETWEEN(8*365, 99*365) -> 29763 | E85: =DATEDIF(D85, TODAY(), "Y") -> 44 | F85: Cinefotógrafa | G85: Ciudad de México | H85: ="55 55 "&TEXT(ROW(A84)-1,"0000")&" "&TEXT(ROW(A84)-1,"0000") -> 55 55 0083 0083 | I85: ="usuario"&ROW(A84)-1&"@ejemplo.com" -> usuario83@ejemplo.com | J85: =IF( DATEDIF(D85, DATE(2025,1,1), "Y") < 18, "Tutor_" & TEXT(ROW(A84)-1,"000"), "" ) | K85: =IF( E85="", "", IF( ISNUMBER(E85), IF(E85<=12,"Infancia", IF(E85<=17,"Adolescente", IF(E85<=29,"Jóven adulto", IF(E85<=59,"Adulto", IF(E85>=60,"Adulto Mayor","Desconocido") ) ) ) ), "Desconocido" )) -> Adulto
A86: P0085 | B86: ="NombreDePersona_"&TEXT(ROW(A85),"000") -> NombreDePersona_085 | C86: 2025 | D86: =TODAY() - RANDBETWEEN(8*365, 99*365) -> 11662 | E86: =DATEDIF(D86, TODAY(), "Y") -> 94 | F86: Estudiante | G86: Veracruz | H86: ="55 55 "&TEXT(ROW(A85)-1,"0000")&" "&TEXT(ROW(A85)-1,"0000") -> 55 55 0084 0084 | I86: ="usuario"&ROW(A85)-1&"@ejemplo.com" -> usuario84@ejemplo.com | J86: =IF( DATEDIF(D86, DATE(2025,1,1), "Y") < 18, "Tutor_" & TEXT(ROW(A85)-1,"000"), "" ) | K86: =IF( E86="", "", IF( ISNUMBER(E86), IF(E86<=12,"Infancia", IF(E86<=17,"Adolescente", IF(E86<=29,"Jóven adulto", IF(E86<=59,"Adulto", IF(E86>=60,"Adulto Mayor","Desconocido") ) ) ) ), "Desconocido" )) -> Adulto Mayor
... A105: P0104 | B105: ="NombreDePersona_"&TEXT(ROW(A104),"000") -> NombreDePersona_104 | C105: 2025 | D105: =TODAY() - RANDBETWEEN(8*365, 99*365) -> 21915 | E105: =DATEDIF(D105, TODAY(), "Y") -> 66 | F105: Estudiante HS | G105: Jalisco | H105: ="55 55 "&TEXT(ROW(A104)-1,"0000")&" "&TEXT(ROW(A104)-1,"0000") -> 55 55 0103 0103 | I105: ="usuario"&ROW(A104)-1&"@ejemplo.com" -> usuario103@ejemplo.com | J105: =IF( DATEDIF(D105, DATE(2025,1,1), "Y") < 18, "Tutor_" & TEXT(ROW(A104)-1,"000"), "" ) | K105: =IF( E105="", "", IF( ISNUMBER(E105), IF(E105<=12,"Infancia", IF(E105<=17,"Adolescente", IF(E105<=29,"Jóven adulto", IF(E105<=59,"Adulto", IF(E105>=60,"Adulto Mayor","Desconocido") ) ) ) ), "Desconocido" )) -> Adulto Mayor
A106: P0105 | B106: ="NombreDePersona_"&TEXT(ROW(A105),"000") -> NombreDePersona_105 | C106: 2025 | D106: =TODAY() - RANDBETWEEN(8*365, 99*365) -> 37057 | E106: =DATEDIF(D106, TODAY(), "Y") -> 24 | F106: Estudiante | G106: México | H106: ="55 55 "&TEXT(ROW(A105)-1,"0000")&" "&TEXT(ROW(A105)-1,"0000") -> 55 55 0104 0104 | I106: ="usuario"&ROW(A105)-1&"@ejemplo.com" -> usuario104@ejemplo.com | J106: =IF( DATEDIF(D106, DATE(2025,1,1), "Y") < 18, "Tutor_" & TEXT(ROW(A105)-1,"000"), "" ) | K106: Infancia
A107: P0106 | B107: ="NombreDePersona_"&TEXT(ROW(A106),"000") -> NombreDePersona_106 | C107: 2025 | D107: =TODAY() - RANDBETWEEN(8*365, 99*365) -> 28342 | E107: =DATEDIF(D107, TODAY(), "Y") -> 48 | F107: Estudiante | G107: Nuevo León | H107: ="55 55 "&TEXT(ROW(A106)-1,"0000")&" "&TEXT(ROW(A106)-1,"0000") -> 55 55 0105 0105 | I107: ="usuario"&ROW(A106)-1&"@ejemplo.com" -> usuario105@ejemplo.com | J107: =IF( DATEDIF(D107, DATE(2025,1,1), "Y") < 18, "Tutor_" & TEXT(ROW(A106)-1,"000"), "" ) | K107: =IF( E107="", "", IF( ISNUMBER(E107), IF(E107<=12,"Infancia", IF(E107<=17,"Adolescente", IF(E107<=29,"Jóven adulto", IF(E107<=59,"Adulto", IF(E107>=60,"Adulto Mayor","Desconocido") ) ) ) ), "Desconocido" )) -> Adulto
A108: P0107 | B108: ="NombreDePersona_"&TEXT(ROW(A107),"000") -> NombreDePersona_107 | C108: 2025 | D108: =TODAY() - RANDBETWEEN(8*365, 99*365) -> 39288 | E108: =DATEDIF(D108, TODAY(), "Y") -> 18 | F108: Administación | G108: Ciudad de México | H108: ="55 55 "&TEXT(ROW(A107)-1,"0000")&" "&TEXT(ROW(A107)-1,"0000") -> 55 55 0106 0106 | I108: ="usuario"&ROW(A107)-1&"@ejemplo.com" -> usuario106@ejemplo.com | J108: =IF( DATEDIF(D108, DATE(2025,1,1), "Y") < 18, "Tutor_" & TEXT(ROW(A107)-1,"000"), "" ) -> Tutor_106 | K108: =IF( E108="", "", IF( ISNUMBER(E108), IF(E108<=12,"Infancia", IF(E108<=17,"Adolescente", IF(E108<=29,"Jóven adulto", IF(E108<=59,"Adulto", IF(E108>=60,"Adulto Mayor","Desconocido") ) ) ) ), "Desconocido" )) -> Jóven adulto
A109: P0108 | B109: ="NombreDePersona_"&TEXT(ROW(A108),"000") -> NombreDePersona_108 | C109: 2025 | D109: =TODAY() - RANDBETWEEN(8*365, 99*365) -> 15022 | E109: =DATEDIF(D109, TODAY(), "Y") -> 84 | F109: Estudiante | G109: Estado de México | H109: ="55 55 "&TEXT(ROW(A108)-1,"0000")&" "&TEXT(ROW(A108)-1,"0000") -> 55 55 0107 0107 | I109: ="usuario"&ROW(A108)-1&"@ejemplo.com" -> usuario107@ejemplo.com | J109: =IF( DATEDIF(D109, DATE(2025,1,1), "Y") < 18, "Tutor_" & TEXT(ROW(A108)-1,"000"), "" ) | K109: =IF( E109="", "", IF( ISNUMBER(E109), IF(E109<=12,"Infancia", IF(E109<=17,"Adolescente", IF(E109<=29,"Jóven adulto", IF(E109<=59,"Adulto", IF(E109>=60,"Adulto Mayor","Desconocido") ) ) ) ), "Desconocido" )) -> Adulto Mayor
A110: P0109 | B110: ="NombreDePersona_"&TEXT(ROW(A109),"000") -> NombreDePersona_109 | C110: 2025 | D110: =TODAY() - RANDBETWEEN(8*365, 99*365) -> 36105 | E110: =DATEDIF(D110, TODAY(), "Y") -> 27 | F110: Docente | G110: Yucatán | H110: ="55 55 "&TEXT(ROW(A109)-1,"0000")&" "&TEXT(ROW(A109)-1,"0000") -> 55 55 0108 0108 | I110: ="usuario"&ROW(A109)-1&"@ejemplo.com" -> usuario108@ejemplo.com | J110: =IF( DATEDIF(D110, DATE(2025,1,1), "Y") < 18, "Tutor_" & TEXT(ROW(A109)-1,"000"), "" ) | K110: =IF( E110="", "", IF( ISNUMBER(E110), IF(E110<=12,"Infancia", IF(E110<=17,"Adolescente", IF(E110<=29,"Jóven adulto", IF(E110<=59,"Adulto", IF(E110>=60,"Adulto Mayor","Desconocido") ) ) ) ), "Desconocido" )) -> Jóven adulto
A111: P0110 | B111: ="NombreDePersona_"&TEXT(ROW(A110),"000") -> NombreDePersona_110 | C111: 2025 | D111: =TODAY() - RANDBETWEEN(8*365, 99*365) -> 28852 | E111: =DATEDIF(D111, TODAY(), "Y") -> 47 | F111: Estudiante | G111: Querétaro | H111: ="55 55 "&TEXT(ROW(A110)-1,"0000")&" "&TEXT(ROW(A110)-1,"0000") -> 55 55 0109 0109 | I111: ="usuario"&ROW(A110)-1&"@ejemplo.com" -> usuario109@ejemplo.com | J111: =IF( DATEDIF(D111, DATE(2025,1,1), "Y") < 18, "Tutor_" & TEXT(ROW(A110)-1,"000"), "" ) | K111: =IF( E111="", "", IF( ISNUMBER(E111), IF(E111<=12,"Infancia", IF(E111<=17,"Adolescente", IF(E111<=29,"Jóven adulto", IF(E111<=59,"Adulto", IF(E111>=60,"Adulto Mayor","Desconocido") ) ) ) ), "Desconocido" )) -> Adulto
A112: P0111 | B112: ="NombreDePersona_"&TEXT(ROW(A111),"000") -> NombreDePersona_111 | C112: 2024 | D112: =TODAY() - RANDBETWEEN(8*365, 99*365) -> 30933 | E112: =DATEDIF(D112, TODAY(), "Y") -> 41 | F112: Estudiante | G112: Oaxaca | H112: ="55 55 "&TEXT(ROW(A111)-1,"0000")&" "&TEXT(ROW(A111)-1,"0000") -> 55 55 0110 0110 | I112: ="usuario"&ROW(A111)-1&"@ejemplo.com" -> usuario110@ejemplo.com | J112: =IF( DATEDIF(D112, DATE(2025,1,1), "Y") < 18, "Tutor_" & TEXT(ROW(A111)-1,"000"), "" ) | K112: =IF( E112="", "", IF( ISNUMBER(E112), IF(E112<=12,"Infancia", IF(E112<=17,"Adolescente", IF(E112<=29,"Jóven adulto", IF(E112<=59,"Adulto", IF(E112>=60,"Adulto Mayor","Desconocido") ) ) ) ), "Desconocido" )) -> Adulto
A113: P0112 | B113: ="NombreDePersona_"&TEXT(ROW(A112),"000") -> NombreDePersona_112 | C113: 2024 | D113: =TODAY() - RANDBETWEEN(8*365, 99*365) -> 36665 | E113: =DATEDIF(D113, TODAY(), "Y") -> 25 | F113: Desconocido | G113: Estado de México | H113: ="55 55 "&TEXT(ROW(A112)-1,"0000")&" "&TEXT(ROW(A112)-1,"0000") -> 55 55 0111 0111 | I113: ="usuario"&ROW(A112)-1&"@ejemplo.com" -> usuario111@ejemplo.com | J113: =IF( DATEDIF(D113, DATE(2025,1,1), "Y") < 18, "Tutor_" & TEXT(ROW(A112)-1,"000"), "" ) | K113: Adulto
A114: P0113 | B114: ="NombreDePersona_"&TEXT(ROW(A113),"000") -> NombreDePersona_113 | C114: 2025 | D114: =TODAY() - RANDBETWEEN(8*365, 99*365) -> 29146 | E114: =DATEDIF(D114, TODAY(), "Y") -> 46 | F114: Desconocido | G114: Ciudad de México | H114: ="55 55 "&TEXT(ROW(A113)-1,"0000")&" "&TEXT(ROW(A113)-1,"0000") -> 55 55 0112 0112 | I114: ="usuario"&ROW(A113)-1&"@ejemplo.com" -> usuario112@ejemplo.com | J114: =IF( DATEDIF(D114, DATE(2025,1,1), "Y") < 18, "Tutor_" & TEXT(ROW(A113)-1,"000"), "" ) | K114: =IF( E114="", "", IF( ISNUMBER(E114), IF(E114<=12,"Infancia", IF(E114<=17,"Adolescente", IF(E114<=29,"Jóven adulto", IF(E114<=59,"Adulto", IF(E114>=60,"Adulto Mayor","Desconocido") ) ) ) ), "Desconocido" )) -> Adulto
A115: P0114 | B115: ="NombreDePersona_"&TEXT(ROW(A114),"000") -> NombreDePersona_114 | C115: 2025 | D115: =TODAY() - RANDBETWEEN(8*365, 99*365) -> 37397 | E115: =DATEDIF(D115, TODAY(), "Y") -> 23 | F115: Medico | G115: San Luís Potosí | H115: ="55 55 "&TEXT(ROW(A114)-1,"0000")&" "&TEXT(ROW(A114)-1,"0000") -> 55 55 0113 0113 | I115: ="usuario"&ROW(A114)-1&"@ejemplo.com" -> usuario113@ejemplo.com | J115: =IF( DATEDIF(D115, DATE(2025,1,1), "Y") < 18, "Tutor_" & TEXT(ROW(A114)-1,"000"), "" ) | K115: =IF( E115="", "", IF( ISNUMBER(E115), IF(E115<=12,"Infancia", IF(E115<=17,"Adolescente", IF(E115<=29,"Jóven adulto", IF(E115<=59,"Adulto", IF(E115>=60,"Adulto Mayor","Desconocido") ) ) ) ), "Desconocido" )) -> Jóven adulto
A116: P0115 | B116: ="NombreDePersona_"&TEXT(ROW(A115),"000") -> NombreDePersona_115 | C116: 2025 | D116: =TODAY() - RANDBETWEEN(8*365, 99*365) -> 42483 | E116: =DATEDIF(D116, TODAY(), "Y") -> 9 | F116: Jubilado | G116: Ciudad de México | H116: ="55 55 "&TEXT(ROW(A115)-1,"0000")&" "&TEXT(ROW(A115)-1,"0000") -> 55 55 0114 0114 | I116: ="usuario"&ROW(A115)-1&"@ejemplo.com" -> usuario114@ejemplo.com | J116: =IF( DATEDIF(D116, DATE(2025,1,1), "Y") < 18, "Tutor_" & TEXT(ROW(A115)-1,"000"), "" ) -> Tutor_114 | K116: =IF( E116="", "", IF( ISNUMBER(E116), IF(E116<=12,"Infancia", IF(E116<=17,"Adolescente", IF(E116<=29,"Jóven adulto", IF(E116<=59,"Adulto", IF(E116>=60,"Adulto Mayor","Desconocido") ) ) ) ), "Desconocido" )) -> Infancia
A117: P0116 | B117: ="NombreDePersona_"&TEXT(ROW(A116),"000") -> NombreDePersona_116 | C117: 2025 | D117: =TODAY() - RANDBETWEEN(8*365, 99*365) -> 24039 | E117: =DATEDIF(D117, TODAY(), "Y") -> 60 | F117: Estudiante | G117: Estado de México | H117: ="55 55 "&TEXT(ROW(A116)-1,"0000")&" "&TEXT(ROW(A116)-1,"0000") -> 55 55 0115 0115 | I117: ="usuario"&ROW(A116)-1&"@ejemplo.com" -> usuario115@ejemplo.com | J117: =IF( DATEDIF(D117, DATE(2025,1,1), "Y") < 18, "Tutor_" & TEXT(ROW(A116)-1,"000"), "" ) | K117: =IF( E117="", "", IF( ISNUMBER(E117), IF(E117<=12,"Infancia", IF(E117<=17,"Adolescente", IF(E117<=29,"Jóven adulto", IF(E117<=59,"Adulto", IF(E117>=60,"Adulto Mayor","Desconocido") ) ) ) ), "Desconocido" )) -> Adulto Mayor
A118: P0117 | B118: ="NombreDePersona_"&TEXT(ROW(A117),"000") -> NombreDePersona_117 | C118: 2024 | D118: =TODAY() - RANDBETWEEN(8*365, 99*365) -> 32453 | E118: =DATEDIF(D118, TODAY(), "Y") -> 37 | F118: Empleado | G118: Desconocido | H118: ="55 55 "&TEXT(ROW(A117)-1,"0000")&" "&TEXT(ROW(A117)-1,"0000") -> 55 55 0116 0116 | I118: ="usuario"&ROW(A117)-1&"@ejemplo.com" -> usuario116@ejemplo.com | J118: =IF( DATEDIF(D118, DATE(2025,1,1), "Y") < 18, "Tutor_" & TEXT(ROW(A117)-1,"000"), "" ) | K118: =IF( E118="", "", IF( ISNUMBER(E118), IF(E118<=12,"Infancia", IF(E118<=17,"Adolescente", IF(E118<=29,"Jóven adulto", IF(E118<=59,"Adulto", IF(E118>=60,"Adulto Mayor","Desconocido") ) ) ) ), "Desconocido" )) -> Adulto
A119: P0118 | B119: ="NombreDePersona_"&TEXT(ROW(A118),"000") -> NombreDePersona_118 | C119: 2025 | D119: =TODAY() - RANDBETWEEN(8*365, 99*365) -> 30821 | E119: =DATEDIF(D119, TODAY(), "Y") -> 41 | F119: Desconocido | G119: Ciudad de México | H119: ="55 55 "&TEXT(ROW(A118)-1,"0000")&" "&TEXT(ROW(A118)-1,"0000") -> 55 55 0117 0117 | I119: ="usuario"&ROW(A118)-1&"@ejemplo.com" -> usuario117@ejemplo.com | J119: =IF( DATEDIF(D119, DATE(2025,1,1), "Y") < 18, "Tutor_" & TEXT(ROW(A118)-1,"000"), "" ) | K119: =IF( E119="", "", IF( ISNUMBER(E119), IF(E119<=12,"Infancia", IF(E119<=17,"Adolescente", IF(E119<=29,"Jóven adulto", IF(E119<=59,"Adulto", IF(E119>=60,"Adulto Mayor","Desconocido") ) ) ) ), "Desconocido" )) -> Adulto
A120: P0119 | B120: ="NombreDePersona_"&TEXT(ROW(A119),"000") -> NombreDePersona_119 | C120: 2025 | D120: =TODAY() - RANDBETWEEN(8*365, 99*365) -> 42912 | E120: =DATEDIF(D120, TODAY(), "Y") -> 8 | F120: Estudiante | G120: Baja California | H120: ="55 55 "&TEXT(ROW(A119)-1,"0000")&" "&TEXT(ROW(A119)-1,"0000") -> 55 55 0118 0118 | I120: ="usuario"&ROW(A119)-1&"@ejemplo.com" -> usuario118@ejemplo.com | J120: =IF( DATEDIF(D120, DATE(2025,1,1), "Y") < 18, "Tutor_" & TEXT(ROW(A119)-1,"000"), "" ) -> Tutor_118 | K120: =IF( E120="", "", IF( ISNUMBER(E120), IF(E120<=12,"Infancia", IF(E120<=17,"Adolescente", IF(E120<=29,"Jóven adulto", IF(E120<=59,"Adulto", IF(E120>=60,"Adulto Mayor","Desconocido") ) ) ) ), "Desconocido" )) -> Infancia
A121: P0120 | B121: ="NombreDePersona_"&TEXT(ROW(A120),"000") -> NombreDePersona_120 | C121: 2025 | D121: =TODAY() - RANDBETWEEN(8*365, 99*365) -> 38149 | E121: =DATEDIF(D121, TODAY(), "Y") -> 21 | F121: Estudiante | G121: Estado de México | H121: ="55 55 "&TEXT(ROW(A120)-1,"0000")&" "&TEXT(ROW(A120)-1,"0000") -> 55 55 0119 0119 | I121: ="usuario"&ROW(A120)-1&"@ejemplo.com" -> usuario119@ejemplo.com | J121: =IF( DATEDIF(D121, DATE(2025,1,1), "Y") < 18, "Tutor_" & TEXT(ROW(A120)-1,"000"), "" ) | K121: =IF( E121="", "", IF( ISNUMBER(E121), IF(E121<=12,"Infancia", IF(E121<=17,"Adolescente", IF(E121<=29,"Jóven adulto", IF(E121<=59,"Adulto", IF(E121>=60,"Adulto Mayor","Desconocido") ) ) ) ), "Desconocido" )) -> Jóven adulto
A122: P0121 | B122: ="NombreDePersona_"&TEXT(ROW(A121),"000") -> NombreDePersona_121 | C122: 2025 | D122: =TODAY() - RANDBETWEEN(8*365, 99*365) -> 20382 | E122: =DATEDIF(D122, TODAY(), "Y") -> 70 | F122: Arquitecto | G122: Ciudad de México | H122: ="55 55 "&TEXT(ROW(A121)-1,"0000")&" "&TEXT(ROW(A121)-1,"0000") -> 55 55 0120 0120 | I122: ="usuario"&ROW(A121)-1&"@ejemplo.com" -> usuario120@ejemplo.com | J122: =IF( DATEDIF(D122, DATE(2025,1,1), "Y") < 18, "Tutor_" & TEXT(ROW(A121)-1,"000"), "" ) | K122: =IF( E122="", "", IF( ISNUMBER(E122), IF(E122<=12,"Infancia", IF(E122<=17,"Adolescente", IF(E122<=29,"Jóven adulto", IF(E122<=59,"Adulto", IF(E122>=60,"Adulto Mayor","Desconocido") ) ) ) ), "Desconocido" )) -> Adulto Mayor
A123: P0122 | B123: ="NombreDePersona_"&TEXT(ROW(A122),"000") -> NombreDePersona_122 | C123: 2025 | D123: =TODAY() - RANDBETWEEN(8*365, 99*365) -> 12685 | E123: =DATEDIF(D123, TODAY(), "Y") -> 91 | F123: Ingeniería Sistemas | G123: Ciudad de México | H123: ="55 55 "&TEXT(ROW(A122)-1,"0000")&" "&TEXT(ROW(A122)-1,"0000") -> 55 55 0121 0121 | I123: ="usuario"&ROW(A122)-1&"@ejemplo.com" -> usuario121@ejemplo.com | J123: =IF( DATEDIF(D123, DATE(2025,1,1), "Y") < 18, "Tutor_" & TEXT(ROW(A122)-1,"000"), "" ) | K123: =IF( E123="", "", IF( ISNUMBER(E123), IF(E123<=12,"Infancia", IF(E123<=17,"Adolescente", IF(E123<=29,"Jóven adulto", IF(E123<=59,"Adulto", IF(E123>=60,"Adulto Mayor","Desconocido") ) ) ) ), "Desconocido" )) -> Adulto Mayor
A124: P0123 | B124: ="NombreDePersona_"&TEXT(ROW(A123),"000") -> NombreDePersona_123 | C124: 2024 | D124: =TODAY() - RANDBETWEEN(8*365, 99*365) -> 20456 | E124: =DATEDIF(D124, TODAY(), "Y") -> 70 | F124: Desconocido | G124: Ciudad de México | H124: ="55 55 "&TEXT(ROW(A123)-1,"0000")&" "&TEXT(ROW(A123)-1,"0000") -> 55 55 0122 0122 | I124: ="usuario"&ROW(A123)-1&"@ejemplo.com" -> usuario122@ejemplo.com | J124: =IF( DATEDIF(D124, DATE(2025,1,1), "Y") < 18, "Tutor_" & TEXT(ROW(A123)-1,"000"), "" ) | K124: =IF( E124="", "", IF( ISNUMBER(E124), IF(E124<=12,"Infancia", IF(E124<=17,"Adolescente", IF(E124<=29,"Jóven adulto", IF(E124<=59,"Adulto", IF(E124>=60,"Adulto Mayor","Desconocido") ) ) ) ), "Desconocido" )) -> Adulto Mayor
A125: P0124 | B125: ="NombreDePersona_"&TEXT(ROW(A124),"000") -> NombreDePersona_124 | C125: 2025 | D125: =TODAY() - RANDBETWEEN(8*365, 99*365) -> 15552 | E125: =DATEDIF(D125, TODAY(), "Y") -> 83 | F125: Desconocido | G125: Desconocido | H125: ="55 55 "&TEXT(ROW(A124)-1,"0000")&" "&TEXT(ROW(A124)-1,"0000") -> 55 55 0123 0123 | I125: ="usuario"&ROW(A124)-1&"@ejemplo.com" -> usuario123@ejemplo.com | J125: =IF( DATEDIF(D125, DATE(2025,1,1), "Y") < 18, "Tutor_" & TEXT(ROW(A124)-1,"000"), "" ) | K125: =IF( E125="", "", IF( ISNUMBER(E125), IF(E125<=12,"Infancia", IF(E125<=17,"Adolescente", IF(E125<=29,"Jóven adulto", IF(E125<=59,"Adulto", IF(E125>=60,"Adulto Mayor","Desconocido") ) ) ) ), "Desconocido" )) -> Adulto Mayor
... A153: P0152 | B153: ="NombreDePersona_"&TEXT(ROW(A152),"000") -> NombreDePersona_152 | C153: 2025 | D153: =TODAY() - RANDBETWEEN(8*365, 99*365) -> 29240 | E153: =DATEDIF(D153, TODAY(), "Y") -> 45 | F153: Desconocido | G153: México | H153: ="55 55 "&TEXT(ROW(A152)-1,"0000")&" "&TEXT(ROW(A152)-1,"0000") -> 55 55 0151 0151 | I153: ="usuario"&ROW(A152)-1&"@ejemplo.com" -> usuario151@ejemplo.com | J153: =IF( DATEDIF(D153, DATE(2025,1,1), "Y") < 18, "Tutor_" & TEXT(ROW(A152)-1,"000"), "" ) | K153: =IF( E153="", "", IF( ISNUMBER(E153), IF(E153<=12,"Infancia", IF(E153<=17,"Adolescente", IF(E153<=29,"Jóven adulto", IF(E153<=59,"Adulto", IF(E153>=60,"Adulto Mayor","Desconocido") ) ) ) ), "Desconocido" )) -> Adulto
A154: P0153 | B154: ="NombreDePersona_"&TEXT(ROW(A153),"000") -> NombreDePersona_153 | D154: =TODAY() - RANDBETWEEN(8*365, 99*365) -> 28451 | E154: =DATEDIF(D154, TODAY(), "Y") -> 48 | F154: Hogar | G154: Estado de México | H154: ="55 55 "&TEXT(ROW(A153)-1,"0000")&" "&TEXT(ROW(A153)-1,"0000") -> 55 55 0152 0152 | I154: ="usuario"&ROW(A153)-1&"@ejemplo.com" -> usuario152@ejemplo.com | J154: =IF( DATEDIF(D154, DATE(2025,1,1), "Y") < 18, "Tutor_" & TEXT(ROW(A153)-1,"000"), "" ) | K154: =IF( E154="", "", IF( ISNUMBER(E154), IF(E154<=12,"Infancia", IF(E154<=17,"Adolescente", IF(E154<=29,"Jóven adulto", IF(E154<=59,"Adulto", IF(E154>=60,"Adulto Mayor","Desconocido") ) ) ) ), "Desconocido" )) -> Adulto
A155: P0154 | B155: ="NombreDePersona_"&TEXT(ROW(A154),"000") -> NombreDePersona_154 | C155: 2025 | D155: =TODAY() - RANDBETWEEN(8*365, 99*365) -> 35115 | E155: =DATEDIF(D155, TODAY(), "Y") -> 29 | F155: Desconocido | G155: Desconocido | H155: ="55 55 "&TEXT(ROW(A154)-1,"0000")&" "&TEXT(ROW(A154)-1,"0000") -> 55 55 0153 0153 | I155: ="usuario"&ROW(A154)-1&"@ejemplo.com" -> usuario153@ejemplo.com | J155: =IF( DATEDIF(D155, DATE(2025,1,1), "Y") < 18, "Tutor_" & TEXT(ROW(A154)-1,"000"), "" ) | K155: =IF( E155="", "", IF( ISNUMBER(E155), IF(E155<=12,"Infancia", IF(E155<=17,"Adolescente", IF(E155<=29,"Jóven adulto", IF(E155<=59,"Adulto", IF(E155>=60,"Adulto Mayor","Desconocido") ) ) ) ), "Desconocido" )) -> Jóven adulto
A156: P0155 | B156: ="NombreDePersona_"&TEXT(ROW(A155),"000") -> NombreDePersona_155 | C156: 2025 | D156: =TODAY() - RANDBETWEEN(8*365, 99*365) -> 39839 | E156: =DATEDIF(D156, TODAY(), "Y") -> 16 | F156: Soporte Técnico | G156: Jalisco | H156: ="55 55 "&TEXT(ROW(A155)-1,"0000")&" "&TEXT(ROW(A155)-1,"0000") -> 55 55 0154 0154 | I156: ="usuario"&ROW(A155)-1&"@ejemplo.com" -> usuario154@ejemplo.com | J156: =IF( DATEDIF(D156, DATE(2025,1,1), "Y") < 18, "Tutor_" & TEXT(ROW(A155)-1,"000"), "" ) -> Tutor_154 | K156: =IF( E156="", "", IF( ISNUMBER(E156), IF(E156<=12,"Infancia", IF(E156<=17,"Adolescente", IF(E156<=29,"Jóven adulto", IF(E156<=59,"Adulto", IF(E156>=60,"Adulto Mayor","Desconocido") ) ) ) ), "Desconocido" )) -> Adolescente
A157: P0156 | B157: ="NombreDePersona_"&TEXT(ROW(A156),"000") -> NombreDePersona_156 | C157: 2025 | D157: =TODAY() - RANDBETWEEN(8*365, 99*365) -> 17620 | E157: =DATEDIF(D157, TODAY(), "Y") -> 77 | F157: Estudiante | G157: Estado de México | H157: ="55 55 "&TEXT(ROW(A156)-1,"0000")&" "&TEXT(ROW(A156)-1,"0000") -> 55 55 0155 0155 | I157: ="usuario"&ROW(A156)-1&"@ejemplo.com" -> usuario155@ejemplo.com | J157: =IF( DATEDIF(D157, DATE(2025,1,1), "Y") < 18, "Tutor_" & TEXT(ROW(A156)-1,"000"), "" ) | K157: =IF( E157="", "", IF( ISNUMBER(E157), IF(E157<=12,"Infancia", IF(E157<=17,"Adolescente", IF(E157<=29,"Jóven adulto", IF(E157<=59,"Adulto", IF(E157>=60,"Adulto Mayor","Desconocido") ) ) ) ), "Desconocido" )) -> Adulto Mayor
A158: P0157 | B158: ="NombreDePersona_"&TEXT(ROW(A157),"000") -> NombreDePersona_157 | C158: 2025 | D158: =TODAY() - RANDBETWEEN(8*365, 99*365) -> 39762 | E158: =DATEDIF(D158, TODAY(), "Y") -> 17 | F158: Trabajo en la aviación | G158: Ciudad de México | H158: ="55 55 "&TEXT(ROW(A157)-1,"0000")&" "&TEXT(ROW(A157)-1,"0000") -> 55 55 0156 0156 | I158: ="usuario"&ROW(A157)-1&"@ejemplo.com" -> usuario156@ejemplo.com | J158: =IF( DATEDIF(D158, DATE(2025,1,1), "Y") < 18, "Tutor_" & TEXT(ROW(A157)-1,"000"), "" ) -> Tutor_156 | K158: =IF( E158="", "", IF( ISNUMBER(E158), IF(E158<=12,"Infancia", IF(E158<=17,"Adolescente", IF(E158<=29,"Jóven adulto", IF(E158<=59,"Adulto", IF(E158>=60,"Adulto Mayor","Desconocido") ) ) ) ), "Desconocido" )) -> Adolescente
A159: P0158 | B159: ="NombreDePersona_"&TEXT(ROW(A158),"000") -> NombreDePersona_158 | C159: 2025 | D159: =TODAY() - RANDBETWEEN(8*365, 99*365) -> 9981 | E159: =DATEDIF(D159, TODAY(), "Y") -> 98 | F159: Docente | G159: Oaxaca | H159: ="55 55 "&TEXT(ROW(A158)-1,"0000")&" "&TEXT(ROW(A158)-1,"0000") -> 55 55 0157 0157 | I159: ="usuario"&ROW(A158)-1&"@ejemplo.com" -> usuario157@ejemplo.com | J159: =IF( DATEDIF(D159, DATE(2025,1,1), "Y") < 18, "Tutor_" & TEXT(ROW(A158)-1,"000"), "" ) | K159: =IF( E159="", "", IF( ISNUMBER(E159), IF(E159<=12,"Infancia", IF(E159<=17,"Adolescente", IF(E159<=29,"Jóven adulto", IF(E159<=59,"Adulto", IF(E159>=60,"Adulto Mayor","Desconocido") ) ) ) ), "Desconocido" )) -> Adulto Mayor
A160: P0159 | B160: ="NombreDePersona_"&TEXT(ROW(A159),"000") -> NombreDePersona_159 | C160: 2025 | D160: =TODAY() - RANDBETWEEN(8*365, 99*365) -> 27975 | E160: =DATEDIF(D160, TODAY(), "Y") -> 49 | F160: Médico radiólogo | G160: Campeche | H160: ="55 55 "&TEXT(ROW(A159)-1,"0000")&" "&TEXT(ROW(A159)-1,"0000") -> 55 55 0158 0158 | I160: ="usuario"&ROW(A159)-1&"@ejemplo.com" -> usuario158@ejemplo.com | J160: =IF( DATEDIF(D160, DATE(2025,1,1), "Y") < 18, "Tutor_" & TEXT(ROW(A159)-1,"000"), "" ) | K160: =IF( E160="", "", IF( ISNUMBER(E160), IF(E160<=12,"Infancia", IF(E160<=17,"Adolescente", IF(E160<=29,"Jóven adulto", IF(E160<=59,"Adulto", IF(E160>=60,"Adulto Mayor","Desconocido") ) ) ) ), "Desconocido" )) -> Adulto
A161: P0160 | B161: ="NombreDePersona_"&TEXT(ROW(A160),"000") -> NombreDePersona_160 | C161: 2025 | D161: =TODAY() - RANDBETWEEN(8*365, 99*365) -> 38170 | E161: =DATEDIF(D161, TODAY(), "Y") -> 21 | F161: Servidor Público | G161: Tabasco | H161: ="55 55 "&TEXT(ROW(A160)-1,"0000")&" "&TEXT(ROW(A160)-1,"0000") -> 55 55 0159 0159 | I161: ="usuario"&ROW(A160)-1&"@ejemplo.com" -> usuario159@ejemplo.com | J161: =IF( DATEDIF(D161, DATE(2025,1,1), "Y") < 18, "Tutor_" & TEXT(ROW(A160)-1,"000"), "" ) | K161: =IF( E161="", "", IF( ISNUMBER(E161), IF(E161<=12,"Infancia", IF(E161<=17,"Adolescente", IF(E161<=29,"Jóven adulto", IF(E161<=59,"Adulto", IF(E161>=60,"Adulto Mayor","Desconocido") ) ) ) ), "Desconocido" )) -> Jóven adulto
A162: P0161 | B162: ="NombreDePersona_"&TEXT(ROW(A161),"000") -> NombreDePersona_161 | C162: 2025 | D162: =TODAY() - RANDBETWEEN(8*365, 99*365) -> 30102 | E162: =DATEDIF(D162, TODAY(), "Y") -> 43 | F162: Estudiante | G162: Estado de México | H162: ="55 55 "&TEXT(ROW(A161)-1,"0000")&" "&TEXT(ROW(A161)-1,"0000") -> 55 55 0160 0160 | I162: ="usuario"&ROW(A161)-1&"@ejemplo.com" -> usuario160@ejemplo.com | J162: =IF( DATEDIF(D162, DATE(2025,1,1), "Y") < 18, "Tutor_" & TEXT(ROW(A161)-1,"000"), "" ) | K162: =IF( E162="", "", IF( ISNUMBER(E162), IF(E162<=12,"Infancia", IF(E162<=17,"Adolescente", IF(E162<=29,"Jóven adulto", IF(E162<=59,"Adulto", IF(E162>=60,"Adulto Mayor","Desconocido") ) ) ) ), "Desconocido" )) -> Adulto
A163: P0162 | B163: ="NombreDePersona_"&TEXT(ROW(A162),"000") -> NombreDePersona_162 | C163: 2025 | D163: =TODAY() - RANDBETWEEN(8*365, 99*365) -> 14150 | E163: =DATEDIF(D163, TODAY(), "Y") -> 87 | F163: Estudiante | G163: Hidalgo | H163: ="55 55 "&TEXT(ROW(A162)-1,"0000")&" "&TEXT(ROW(A162)-1,"0000") -> 55 55 0161 0161 | I163: ="usuario"&ROW(A162)-1&"@ejemplo.com" -> usuario161@ejemplo.com | J163: =IF( DATEDIF(D163, DATE(2025,1,1), "Y") < 18, "Tutor_" & TEXT(ROW(A162)-1,"000"), "" ) | K163: =IF( E163="", "", IF( ISNUMBER(E163), IF(E163<=12,"Infancia", IF(E163<=17,"Adolescente", IF(E163<=29,"Jóven adulto", IF(E163<=59,"Adulto", IF(E163>=60,"Adulto Mayor","Desconocido") ) ) ) ), "Desconocido" )) -> Adulto Mayor
A164: P0163 | B164: ="NombreDePersona_"&TEXT(ROW(A163),"000") -> NombreDePersona_163 | C164: 2025 | D164: =TODAY() - RANDBETWEEN(8*365, 99*365) -> 31835 | E164: =DATEDIF(D164, TODAY(), "Y") -> 38 | F164: Desconocido | G164: Desconocido | H164: ="55 55 "&TEXT(ROW(A163)-1,"0000")&" "&TEXT(ROW(A163)-1,"0000") -> 55 55 0162 0162 | I164: ="usuario"&ROW(A163)-1&"@ejemplo.com" -> usuario162@ejemplo.com | J164: =IF( DATEDIF(D164, DATE(2025,1,1), "Y") < 18, "Tutor_" & TEXT(ROW(A163)-1,"000"), "" ) | K164: =IF( E164="", "", IF( ISNUMBER(E164), IF(E164<=12,"Infancia", IF(E164<=17,"Adolescente", IF(E164<=29,"Jóven adulto", IF(E164<=59,"Adulto", IF(E164>=60,"Adulto Mayor","Desconocido") ) ) ) ), "Desconocido" )) -> Adulto
A165: P0164 | B165: ="NombreDePersona_"&TEXT(ROW(A164),"000") -> NombreDePersona_164 | C165: 2025 | D165: =TODAY() - RANDBETWEEN(8*365, 99*365) -> 23630 | E165: =DATEDIF(D165, TODAY(), "Y") -> 61 | F165: Desconocido | G165: Jalisco | H165: ="55 55 "&TEXT(ROW(A164)-1,"0000")&" "&TEXT(ROW(A164)-1,"0000") -> 55 55 0163 0163 | I165: ="usuario"&ROW(A164)-1&"@ejemplo.com" -> usuario163@ejemplo.com | J165: =IF( DATEDIF(D165, DATE(2025,1,1), "Y") < 18, "Tutor_" & TEXT(ROW(A164)-1,"000"), "" ) | K165: Adulto
A166: P0165 | B166: ="NombreDePersona_"&TEXT(ROW(A165),"000") -> NombreDePersona_165 | C166: 2025 | D166: =TODAY() - RANDBETWEEN(8*365, 99*365) -> 17296 | E166: =DATEDIF(D166, TODAY(), "Y") -> 78 | F166: Estudiante | G166: Guatemala | H166: ="55 55 "&TEXT(ROW(A165)-1,"0000")&" "&TEXT(ROW(A165)-1,"0000") -> 55 55 0164 0164 | I166: ="usuario"&ROW(A165)-1&"@ejemplo.com" -> usuario164@ejemplo.com | J166: =IF( DATEDIF(D166, DATE(2025,1,1), "Y") < 18, "Tutor_" & TEXT(ROW(A165)-1,"000"), "" ) | K166: =IF( E166="", "", IF( ISNUMBER(E166), IF(E166<=12,"Infancia", IF(E166<=17,"Adolescente", IF(E166<=29,"Jóven adulto", IF(E166<=59,"Adulto", IF(E166>=60,"Adulto Mayor","Desconocido") ) ) ) ), "Desconocido" )) -> Adulto Mayor
A167: P0166 | B167: ="NombreDePersona_"&TEXT(ROW(A166),"000") -> NombreDePersona_166 | C167: 2024 | D167: =TODAY() - RANDBETWEEN(8*365, 99*365) -> 31877 | E167: =DATEDIF(D167, TODAY(), "Y") -> 38 | F167: Estudiante | G167: Hidalgo | H167: ="55 55 "&TEXT(ROW(A166)-1,"0000")&" "&TEXT(ROW(A166)-1,"0000") -> 55 55 0165 0165 | I167: ="usuario"&ROW(A166)-1&"@ejemplo.com" -> usuario165@ejemplo.com | J167: =IF( DATEDIF(D167, DATE(2025,1,1), "Y") < 18, "Tutor_" & TEXT(ROW(A166)-1,"000"), "" ) | K167: =IF( E167="", "", IF( ISNUMBER(E167), IF(E167<=12,"Infancia", IF(E167<=17,"Adolescente", IF(E167<=29,"Jóven adulto", IF(E167<=59,"Adulto", IF(E167>=60,"Adulto Mayor","Desconocido") ) ) ) ), "Desconocido" )) -> Adulto
A168: P0167 | B168: ="NombreDePersona_"&TEXT(ROW(A167),"000") -> NombreDePersona_167 | C168: 2025 | D168: =TODAY() - RANDBETWEEN(8*365, 99*365) -> 28517 | E168: =DATEDIF(D168, TODAY(), "Y") -> 47 | F168: Desconocido | G168: Estado de México | H168: ="55 55 "&TEXT(ROW(A167)-1,"0000")&" "&TEXT(ROW(A167)-1,"0000") -> 55 55 0166 0166 | I168: ="usuario"&ROW(A167)-1&"@ejemplo.com" -> usuario166@ejemplo.com | J168: =IF( DATEDIF(D168, DATE(2025,1,1), "Y") < 18, "Tutor_" & TEXT(ROW(A167)-1,"000"), "" ) | K168: =IF( E168="", "", IF( ISNUMBER(E168), IF(E168<=12,"Infancia", IF(E168<=17,"Adolescente", IF(E168<=29,"Jóven adulto", IF(E168<=59,"Adulto", IF(E168>=60,"Adulto Mayor","Desconocido") ) ) ) ), "Desconocido" )) -> Adulto
A169: P0168 | B169: ="NombreDePersona_"&TEXT(ROW(A168),"000") -> NombreDePersona_168 | C169: 2025 | D169: =TODAY() - RANDBETWEEN(8*365, 99*365) -> 35680 | E169: =DATEDIF(D169, TODAY(), "Y") -> 28 | F169: Estudiante | G169: México | H169: ="55 55 "&TEXT(ROW(A168)-1,"0000")&" "&TEXT(ROW(A168)-1,"0000") -> 55 55 0167 0167 | I169: ="usuario"&ROW(A168)-1&"@ejemplo.com" -> usuario167@ejemplo.com | J169: =IF( DATEDIF(D169, DATE(2025,1,1), "Y") < 18, "Tutor_" & TEXT(ROW(A168)-1,"000"), "" ) | K169: =IF( E169="", "", IF( ISNUMBER(E169), IF(E169<=12,"Infancia", IF(E169<=17,"Adolescente", IF(E169<=29,"Jóven adulto", IF(E169<=59,"Adulto", IF(E169>=60,"Adulto Mayor","Desconocido") ) ) ) ), "Desconocido" )) -> Jóven adulto
A170: P0169 | B170: ="NombreDePersona_"&TEXT(ROW(A169),"000") -> NombreDePersona_169 | C170: 2025 | D170: =TODAY() - RANDBETWEEN(8*365, 99*365) -> 17380 | E170: =DATEDIF(D170, TODAY(), "Y") -> 78 | F170: Médico | G170: Aguascalientes | H170: ="55 55 "&TEXT(ROW(A169)-1,"0000")&" "&TEXT(ROW(A169)-1,"0000") -> 55 55 0168 0168 | I170: ="usuario"&ROW(A169)-1&"@ejemplo.com" -> usuario168@ejemplo.com | J170: =IF( DATEDIF(D170, DATE(2025,1,1), "Y") < 18, "Tutor_" & TEXT(ROW(A169)-1,"000"), "" ) | K170: =IF( E170="", "", IF( ISNUMBER(E170), IF(E170<=12,"Infancia", IF(E170<=17,"Adolescente", IF(E170<=29,"Jóven adulto", IF(E170<=59,"Adulto", IF(E170>=60,"Adulto Mayor","Desconocido") ) ) ) ), "Desconocido" )) -> Adulto Mayor
A171: P0170 | B171: ="NombreDePersona_"&TEXT(ROW(A170),"000") -> NombreDePersona_170 | C171: 2024 | D171: =TODAY() - RANDBETWEEN(8*365, 99*365) -> 26431 | E171: =DATEDIF(D171, TODAY(), "Y") -> 53 | F171: Estudiante | G171: Ciudad de México | H171: ="55 55 "&TEXT(ROW(A170)-1,"0000")&" "&TEXT(ROW(A170)-1,"0000") -> 55 55 0169 0169 | I171: ="usuario"&ROW(A170)-1&"@ejemplo.com" -> usuario169@ejemplo.com | J171: =IF( DATEDIF(D171, DATE(2025,1,1), "Y") < 18, "Tutor_" & TEXT(ROW(A170)-1,"000"), "" ) | K171: =IF( E171="", "", IF( ISNUMBER(E171), IF(E171<=12,"Infancia", IF(E171<=17,"Adolescente", IF(E171<=29,"Jóven adulto", IF(E171<=59,"Adulto", IF(E171>=60,"Adulto Mayor","Desconocido") ) ) ) ), "Desconocido" )) -> Adulto
A172: P0171 | B172: ="NombreDePersona_"&TEXT(ROW(A171),"000") -> NombreDePersona_171 | C172: 2025 | D172: =TODAY() - RANDBETWEEN(8*365, 99*365) -> 29317 | E172: =DATEDIF(D172, TODAY(), "Y") -> 45 | F172: Estudiante | G172: Estado de México | H172: ="55 55 "&TEXT(ROW(A171)-1,"0000")&" "&TEXT(ROW(A171)-1,"0000") -> 55 55 0170 0170 | I172: ="usuario"&ROW(A171)-1&"@ejemplo.com" -> usuario170@ejemplo.com | J172: =IF( DATEDIF(D172, DATE(2025,1,1), "Y") < 18, "Tutor_" & TEXT(ROW(A171)-1,"000"), "" ) | K172: =IF( E172="", "", IF( ISNUMBER(E172), IF(E172<=12,"Infancia", IF(E172<=17,"Adolescente", IF(E172<=29,"Jóven adulto", IF(E172<=59,"Adulto", IF(E172>=60,"Adulto Mayor","Desconocido") ) ) ) ), "Desconocido" )) -> Adulto
A173: P0172 | B173: ="NombreDePersona_"&TEXT(ROW(A172),"000") -> NombreDePersona_172 | C173: 2025 | D173: =TODAY() - RANDBETWEEN(8*365, 99*365) -> 23911 | E173: =DATEDIF(D173, TODAY(), "Y") -> 60 | F173: Estudiante | G173: Estado de México | H173: ="55 55 "&TEXT(ROW(A172)-1,"0000")&" "&TEXT(ROW(A172)-1,"0000") -> 55 55 0171 0171 | I173: ="usuario"&ROW(A172)-1&"@ejemplo.com" -> usuario171@ejemplo.com | J173: =IF( DATEDIF(D173, DATE(2025,1,1), "Y") < 18, "Tutor_" & TEXT(ROW(A172)-1,"000"), "" ) | K173: =IF( E173="", "", IF( ISNUMBER(E173), IF(E173<=12,"Infancia", IF(E173<=17,"Adolescente", IF(E173<=29,"Jóven adulto", IF(E173<=59,"Adulto", IF(E173>=60,"Adulto Mayor","Desconocido") ) ) ) ), "Desconocido" )) -> Adulto Mayor
...

Sheet ASISTENCIAS
A1: ID_Curso | B1: {=XLOOKUP(A1, CURSOS!A:A, CURSOS!B:B)} -> # | C1: {=XLOOKUP(A1, CURSOS!A:A, CURSOS!C:C)} -> Nombre_Curso | D1: ID_Persona | E1: Edad | F1: Ocupación | G1: Procedencia | H1: Telefono | I1: Correo | J1: Tutor | K1: Grupo de edad | L1: Pago | M1: S1 | N1: S2 | O1: S3 | P1: S4 | Q1: S5 | R1: S6 | S1: S7 | T1: S8 | U1: S9 | V1: S10 | W1: S11 | X1: % | Y1: Reconocimiento
A2: TIE_1 | B2: {=XLOOKUP(A2, CURSOS!A:A, CURSOS!B:B)} -> 1 | C2: {=XLOOKUP(A2, CURSOS!A:A, CURSOS!C:C)} -> NUESTRO HOGAR EN EL UNIVERSO | D2: P0029 | E2: {=XLOOKUP($D2,REGOLITOS!$A:$A,REGOLITOS!E:E)} -> 15 | F2: {=XLOOKUP($D2,REGOLITOS!$A:$A,REGOLITOS!F:F)} -> Ingeniería Civil | G2: {=XLOOKUP($D2,REGOLITOS!$A:$A,REGOLITOS!G:G)} -> Ciudad de México | H2: {=XLOOKUP($D2,REGOLITOS!$A:$A,REGOLITOS!H:H)} -> 55 55 0028 0028 | I2: {=XLOOKUP($D2,REGOLITOS!$A:$A,REGOLITOS!I:I)} -> usuario28@ejemplo.com | J2: {=XLOOKUP($D2,REGOLITOS!$A:$A,REGOLITOS!J:J)} -> Tutor_028 | K2: {=XLOOKUP($D2,REGOLITOS!$A:$A,REGOLITOS!K:K)} -> Adolescente | N2: Asistió | X2: =(COUNTIF(M2:W2, "Asistió")+COUNTIF(M2:W2, "Asíncrono")) -> 1 | Y2: TRUE
A3: TIE_1 | B3: {=XLOOKUP(A3, CURSOS!A:A, CURSOS!B:B)} -> 1 | C3: {=XLOOKUP(A3, CURSOS!A:A, CURSOS!C:C)} -> NUESTRO HOGAR EN EL UNIVERSO | D3: P0083 | E3: {=XLOOKUP($D3,REGOLITOS!$A:$A,REGOLITOS!E:E)} -> 66 | F3: {=XLOOKUP($D3,REGOLITOS!$A:$A,REGOLITOS!F:F)} -> Operadora de CTP | G3: {=XLOOKUP($D3,REGOLITOS!$A:$A,REGOLITOS!G:G)} -> Ciudad de México | H3: {=XLOOKUP($D3,REGOLITOS!$A:$A,REGOLITOS!H:H)} -> 55 55 0082 0082 | I3: {=XLOOKUP($D3,REGOLITOS!$A:$A,REGOLITOS!I:I)} -> usuario82@ejemplo.com | J3: {=XLOOKUP($D3,REGOLITOS!$A:$A,REGOLITOS!J:J)} | K3: {=XLOOKUP($D3,REGOLITOS!$A:$A,REGOLITOS!K:K)} -> Adulto Mayor | N3: Asistió | P3: Asistió | X3: =(COUNTIF(M3:W3, "Asistió")+COUNTIF(M3:W3, "Asíncrono")) -> 2 | Y3: TRUE
A4: TIE_1 | B4: {=XLOOKUP(A4, CURSOS!A:A, CURSOS!B:B)} -> 1 | C4: {=XLOOKUP(A4, CURSOS!A:A, CURSOS!C:C)} -> NUESTRO HOGAR EN EL UNIVERSO | D4: P0171 | E4: {=XLOOKUP($D4,REGOLITOS!$A:$A,REGOLITOS!E:E)} -> 45 | F4: {=XLOOKUP($D4,REGOLITOS!$A:$A,REGOLITOS!F:F)} -> Estudiante | G4: {=XLOOKUP($D4,REGOLITOS!$A:$A,REGOLITOS!G:G)} -> Estado de México | H4: {=XLOOKUP($D4,REGOLITOS!$A:$A,REGOLITOS!H:H)} -> 55 55 0170 0170 | I4: {=XLOOKUP($D4,REGOLITOS!$A:$A,REGOLITOS!I:I)} -> usuario170@ejemplo.com | J4: {=XLOOKUP($D4,REGOLITOS!$A:$A,REGOLITOS!J:J)} | K4: {=XLOOKUP($D4,REGOLITOS!$A:$A,REGOLITOS!K:K)} -> Adulto | N4: Asistió | P4: Asistió | X4: =(COUNTIF(M4:W4, "Asistió")+COUNTIF(M4:W4, "Asíncrono")) -> 2 | Y4: TRUE
A5: TIE_1 | B5: {=XLOOKUP(A5, CURSOS!A:A, CURSOS!B:B)} -> 1 | C5: {=XLOOKUP(A5, CURSOS!A:A, CURSOS!C:C)} -> NUESTRO HOGAR EN EL UNIVERSO | D5: P0016 | E5: {=XLOOKUP($D5,REGOLITOS!$A:$A,REGOLITOS!E:E)} -> 73 | F5: {=XLOOKUP($D5,REGOLITOS!$A:$A,REGOLITOS!F:F)} -> Docente | G5: {=XLOOKUP($D5,REGOLITOS!$A:$A,REGOLITOS!G:G)} -> Estado de México | H5: {=XLOOKUP($D5,REGOLITOS!$A:$A,REGOLITOS!H:H)} -> 55 55 0015 0015 | I5: {=XLOOKUP($D5,REGOLITOS!$A:$A,REGOLITOS!I:I)} -> usuario15@ejemplo.com | J5: {=XLOOKUP($D5,REGOLITOS!$A:$A,REGOLITOS!J:J)} | K5: {=XLOOKUP($D5,REGOLITOS!$A:$A,REGOLITOS!K:K)} -> Adulto Mayor | X5: =(COUNTIF(M5:W5, "Asistió")+COUNTIF(M5:W5, "Asíncrono")) -> 0 | Y5: TRUE
A6: TIE_1 | B6: {=XLOOKUP(A6, CURSOS!A:A, CURSOS!B:B)} -> 1 | C6: {=XLOOKUP(A6, CURSOS!A:A, CURSOS!C:C)} -> NUESTRO HOGAR EN EL UNIVERSO | D6: P0170 | E6: {=XLOOKUP($D6,REGOLITOS!$A:$A,REGOLITOS!E:E)} -> 53 | F6: {=XLOOKUP($D6,REGOLITOS!$A:$A,REGOLITOS!F:F)} -> Estudiante | G6: {=XLOOKUP($D6,REGOLITOS!$A:$A,REGOLITOS!G:G)} -> Ciudad de México | H6: {=XLOOKUP($D6,REGOLITOS!$A:$A,REGOLITOS!H:H)} -> 55 55 0169 0169 | I6: {=XLOOKUP($D6,REGOLITOS!$A:$A,REGOLITOS!I:I)} -> usuario169@ejemplo.com | J6: {=XLOOKUP($D6,REGOLITOS!$A:$A,REGOLITOS!J:J)} | K6: {=XLOOKUP($D6,REGOLITOS!$A:$A,REGOLITOS!K:K)} -> Adulto | L6: G | N6: Asistió | P6: Asistió | X6: =(COUNTIF(M6:W6, "Asistió")+COUNTIF(M6:W6, "Asíncrono")) -> 2 | Y6: TRUE
A7: TIE_1 | B7: {=XLOOKUP(A7, CURSOS!A:A, CURSOS!B:B)} -> 1 | C7: {=XLOOKUP(A7, CURSOS!A:A, CURSOS!C:C)} -> NUESTRO HOGAR EN EL UNIVERSO | D7: P0045 | E7: {=XLOOKUP($D7,REGOLITOS!$A:$A,REGOLITOS!E:E)} -> 51 | F7: {=XLOOKUP($D7,REGOLITOS!$A:$A,REGOLITOS!F:F)} -> Odontóloga | G7: {=XLOOKUP($D7,REGOLITOS!$A:$A,REGOLITOS!G:G)} -> Estado de México | H7: {=XLOOKUP($D7,REGOLITOS!$A:$A,REGOLITOS!H:H)} -> 55 55 0044 0044 | I7: {=XLOOKUP($D7,REGOLITOS!$A:$A,REGOLITOS!I:I)} -> usuario44@ejemplo.com | J7: {=XLOOKUP($D7,REGOLITOS!$A:$A,REGOLITOS!J:J)} | K7: {=XLOOKUP($D7,REGOLITOS!$A:$A,REGOLITOS!K:K)} -> Adulto | N7: Asistió | P7: Asistió | X7: =(COUNTIF(M7:W7, "Asistió")+COUNTIF(M7:W7, "Asíncrono")) -> 2 | Y7: TRUE
A8: TIE_1 | B8: {=XLOOKUP(A8, CURSOS!A:A, CURSOS!B:B)} -> 1 | C8: {=XLOOKUP(A8, CURSOS!A:A, CURSOS!C:C)} -> NUESTRO HOGAR EN EL UNIVERSO | D8: P0188 | E8: {=XLOOKUP($D8,REGOLITOS!$A:$A,REGOLITOS!E:E)} -> 47 | F8: {=XLOOKUP($D8,REGOLITOS!$A:$A,REGOLITOS!F:F)} -> Jubilada | G8: {=XLOOKUP($D8,REGOLITOS!$A:$A,REGOLITOS!G:G)} -> Quintana Roo | H8: {=XLOOKUP($D8,REGOLITOS!$A:$A,REGOLITOS!H:H)} -> 55 55 0187 0187 | I8: {=XLOOKUP($D8,REGOLITOS!$A:$A,REGOLITOS!I:I)} -> usuario187@ejemplo.com | J8: {=XLOOKUP($D8,REGOLITOS!$A:$A,REGOLITOS!J:J)} | K8: {=XLOOKUP($D8,REGOLITOS!$A:$A,REGOLITOS!K:K)} -> Adulto | X8: =(COUNTIF(M8:W8, "Asistió")+COUNTIF(M8:W8, "Asíncrono")) -> 0 | Y8: TRUE
A9: LUN_1 | B9: {=XLOOKUP(A9, CURSOS!A:A, CURSOS!B:B)} -> 2 | C9: {=XLOOKUP(A9, CURSOS!A:A, CURSOS!C:C)} -> EN EL OMBLIGO DE LA LUNA | D9: P0083 | E9: {=XLOOKUP($D9,REGOLITOS!$A:$A,REGOLITOS!E:E)} -> 66 | F9: {=XLOOKUP($D9,REGOLITOS!$A:$A,REGOLITOS!F:F)} -> Operadora de CTP | G9: {=XLOOKUP($D9,REGOLITOS!$A:$A,REGOLITOS!G:G)} -> Ciudad de México | H9: {=XLOOKUP($D9,REGOLITOS!$A:$A,REGOLITOS!H:H)} -> 55 55 0082 0082 | I9: {=XLOOKUP($D9,REGOLITOS!$A:$A,REGOLITOS!I:I)} -> usuario82@ejemplo.com | J9: {=XLOOKUP($D9,REGOLITOS!$A:$A,REGOLITOS!J:J)} | K9: {=XLOOKUP($D9,REGOLITOS!$A:$A,REGOLITOS!K:K)} -> Adulto Mayor | L9: 160 | M9: Asistió | N9: Asistió | O9: Asistió | P9: Asistió | Q9: Asistió | X9: =(COUNTIF(M9:W9, "Asistió")+COUNTIF(M9:W9, "Asíncrono")) -> 5 | Y9: TRUE
A10: LUN_1 | B10: {=XLOOKUP(A10, CURSOS!A:A, CURSOS!B:B)} -> 2 | C10: {=XLOOKUP(A10, CURSOS!A:A, CURSOS!C:C)} -> EN EL OMBLIGO DE LA LUNA | D10: P0171 | E10: {=XLOOKUP($D10,REGOLITOS!$A:$A,REGOLITOS!E:E)} -> 45 | F10: {=XLOOKUP($D10,REGOLITOS!$A:$A,REGOLITOS!F:F)} -> Estudiante | G10: {=XLOOKUP($D10,REGOLITOS!$A:$A,REGOLITOS!G:G)} -> Estado de México | H10: {=XLOOKUP($D10,REGOLITOS!$A:$A,REGOLITOS!H:H)} -> 55 55 0170 0170 | I10: {=XLOOKUP($D10,REGOLITOS!$A:$A,REGOLITOS!I:I)} -> usuario170@ejemplo.com | J10: {=XLOOKUP($D10,REGOLITOS!$A:$A,REGOLITOS!J:J)} | K10: {=XLOOKUP($D10,REGOLITOS!$A:$A,REGOLITOS!K:K)} -> Adulto | L10: 160 | M10: Asistió | N10: Asistió | O10: Asistió | P10: Asistió | Q10: Asistió | X10: =(COUNTIF(M10:W10, "Asistió")+COUNTIF(M10:W10, "Asíncrono")) -> 5 | Y10: TRUE
A11: LUN_1 | B11: {=XLOOKUP(A11, CURSOS!A:A, CURSOS!B:B)} -> 2 | C11: {=XLOOKUP(A11, CURSOS!A:A, CURSOS!C:C)} -> EN EL OMBLIGO DE LA LUNA | D11: P0073 | E11: {=XLOOKUP($D11,REGOLITOS!$A:$A,REGOLITOS!E:E)} -> 73 | F11: {=XLOOKUP($D11,REGOLITOS!$A:$A,REGOLITOS!F:F)} -> Estudiante | G11: {=XLOOKUP($D11,REGOLITOS!$A:$A,REGOLITOS!G:G)} -> Nuevo León | H11: {=XLOOKUP($D11,REGOLITOS!$A:$A,REGOLITOS!H:H)} -> 55 55 0072 0072 | I11: {=XLOOKUP($D11,REGOLITOS!$A:$A,REGOLITOS!I:I)} -> usuario72@ejemplo.com | J11: {=XLOOKUP($D11,REGOLITOS!$A:$A,REGOLITOS!J:J)} | K11: {=XLOOKUP($D11,REGOLITOS!$A:$A,REGOLITOS!K:K)} -> Infancia | L11: 200 | M11: Asistió | N11: Asistió | O11: Asistió | P11: Asistió | Q11: Asistió | X11: =(COUNTIF(M11:W11, "Asistió")+COUNTIF(M11:W11, "Asíncrono")) -> 5 | Y11: TRUE
A12: LUN_1 | B12: {=XLOOKUP(A12, CURSOS!A:A, CURSOS!B:B)} -> 2 | C12: {=XLOOKUP(A12, CURSOS!A:A, CURSOS!C:C)} -> EN EL OMBLIGO DE LA LUNA | D12: P0029 | E12: {=XLOOKUP($D12,REGOLITOS!$A:$A,REGOLITOS!E:E)} -> 15 | F12: {=XLOOKUP($D12,REGOLITOS!$A:$A,REGOLITOS!F:F)} -> Ingeniería Civil | G12: {=XLOOKUP($D12,REGOLITOS!$A:$A,REGOLITOS!G:G)} -> Ciudad de México | H12: {=XLOOKUP($D12,REGOLITOS!$A:$A,REGOLITOS!H:H)} -> 55 55 0028 0028 | I12: {=XLOOKUP($D12,REGOLITOS!$A:$A,REGOLITOS!I:I)} -> usuario28@ejemplo.com | J12: {=XLOOKUP($D12,REGOLITOS!$A:$A,REGOLITOS!J:J)} -> Tutor_028 | K12: {=XLOOKUP($D12,REGOLITOS!$A:$A,REGOLITOS!K:K)} -> Adolescente | L12: 160 | M12: Asistió | N12: Asistió | O12: Asistió | P12: Asistió | Q12: Asistió | X12: =(COUNTIF(M12:W12, "Asistió")+COUNTIF(M12:W12, "Asíncrono")) -> 5 | Y12: TRUE
A13: LUN_1 | B13: {=XLOOKUP(A13, CURSOS!A:A, CURSOS!B:B)} -> 2 | C13: {=XLOOKUP(A13, CURSOS!A:A, CURSOS!C:C)} -> EN EL OMBLIGO DE LA LUNA | D13: P0104 | E13: {=XLOOKUP($D13,REGOLITOS!$A:$A,REGOLITOS!E:E)} -> 66 | F13: {=XLOOKUP($D13,REGOLITOS!$A:$A,REGOLITOS!F:F)} -> Estudiante HS | G13: {=XLOOKUP($D13,REGOLITOS!$A:$A,REGOLITOS!G:G)} -> Jalisco | H13: {=XLOOKUP($D13,REGOLITOS!$A:$A,REGOLITOS!H:H)} -> 55 55 0103 0103 | I13: {=XLOOKUP($D13,REGOLITOS!$A:$A,REGOLITOS!I:I)} -> usuario103@ejemplo.com | J13: {=XLOOKUP($D13,REGOLITOS!$A:$A,REGOLITOS!J:J)} | K13: {=XLOOKUP($D13,REGOLITOS!$A:$A,REGOLITOS!K:K)} -> Adulto Mayor | L13: 200 | M13: Asistió | N13: Asistió | O13: Asistió | P13: Asistió | Q13: Asistió | X13: =(COUNTIF(M13:W13, "Asistió")+COUNTIF(M13:W13, "Asíncrono")) -> 5 | Y13: TRUE
A14: LUN_1 | B14: {=XLOOKUP(A14, CURSOS!A:A, CURSOS!B:B)} -> 2 | C14: {=XLOOKUP(A14, CURSOS!A:A, CURSOS!C:C)} -> EN EL OMBLIGO DE LA LUNA | D14: P0086 | E14: {=XLOOKUP($D14,REGOLITOS!$A:$A,REGOLITOS!E:E)} -> 18 | F14: {=XLOOKUP($D14,REGOLITOS!$A:$A,REGOLITOS!F:F)} -> Estudiante | G14: {=XLOOKUP($D14,REGOLITOS!$A:$A,REGOLITOS!G:G)} -> Hidalgo | H14: {=XLOOKUP($D14,REGOLITOS!$A:$A,REGOLITOS!H:H)} -> 55 55 0085 0085 | I14: {=XLOOKUP($D14,REGOLITOS!$A:$A,REGOLITOS!I:I)} -> usuario85@ejemplo.com | J14: {=XLOOKUP($D14,REGOLITOS!$A:$A,REGOLITOS!J:J)} -> Tutor_085 | K14: {=XLOOKUP($D14,REGOLITOS!$A:$A,REGOLITOS!K:K)} -> Jóven adulto | L14: 200 | M14: Faltó | N14: Asistió | O14: Asistió | P14: Asistió | Q14: Asistió | X14: =(COUNTIF(M14:W14, "Asistió")+COUNTIF(M14:W14, "Asíncrono")) -> 4 | Y14: TRUE
A15: LUN_1 | B15: {=XLOOKUP(A15, CURSOS!A:A, CURSOS!B:B)} -> 2 | C15: {=XLOOKUP(A15, CURSOS!A:A, CURSOS!C:C)} -> EN EL OMBLIGO DE LA LUNA | D15: P0167 | E15: {=XLOOKUP($D15,REGOLITOS!$A:$A,REGOLITOS!E:E)} -> 47 | F15: {=XLOOKUP($D15,REGOLITOS!$A:$A,REGOLITOS!F:F)} -> Desconocido | G15: {=XLOOKUP($D15,REGOLITOS!$A:$A,REGOLITOS!G:G)} -> Estado de México | H15: {=XLOOKUP($D15,REGOLITOS!$A:$A,REGOLITOS!H:H)} -> 55 55 0166 0166 | I15: {=XLOOKUP($D15,REGOLITOS!$A:$A,REGOLITOS!I:I)} -> usuario166@ejemplo.com | J15: {=XLOOKUP($D15,REGOLITOS!$A:$A,REGOLITOS!J:J)} | K15: {=XLOOKUP($D15,REGOLITOS!$A:$A,REGOLITOS!K:K)} -> Adulto | L15: 200 | M15: Asistió | N15: Faltó | O15: Asistió | P15: Asistió | Q15: Asistió | X15: =(COUNTIF(M15:W15, "Asistió")+COUNTIF(M15:W15, "Asíncrono")) -> 4 | Y15: TRUE
A16: LUN_1 | B16: {=XLOOKUP(A16, CURSOS!A:A, CURSOS!B:B)} -> 2 | C16: {=XLOOKUP(A16, CURSOS!A:A, CURSOS!C:C)} -> EN EL OMBLIGO DE LA LUNA | D16: P0038 | E16: {=XLOOKUP($D16,REGOLITOS!$A:$A,REGOLITOS!E:E)} -> 92 | F16: {=XLOOKUP($D16,REGOLITOS!$A:$A,REGOLITOS!F:F)} -> Estudiante | G16: {=XLOOKUP($D16,REGOLITOS!$A:$A,REGOLITOS!G:G)} -> Estado de México | H16: {=XLOOKUP($D16,REGOLITOS!$A:$A,REGOLITOS!H:H)} -> 55 55 0037 0037 | I16: {=XLOOKUP($D16,REGOLITOS!$A:$A,REGOLITOS!I:I)} -> usuario37@ejemplo.com | J16: {=XLOOKUP($D16,REGOLITOS!$A:$A,REGOLITOS!J:J)} | K16: {=XLOOKUP($D16,REGOLITOS!$A:$A,REGOLITOS!K:K)} -> Adulto Mayor | L16: 200 | M16: Asistió | N16: Asistió | O16: Faltó | P16: Asistió | Q16: Asistió | X16: =(COUNTIF(M16:W16, "Asistió")+COUNTIF(M16:W16, "Asíncrono")) -> 4 | Y16: TRUE
A17: LUN_1 | B17: {=XLOOKUP(A17, CURSOS!A:A, CURSOS!B:B)} -> 2 | C17: {=XLOOKUP(A17, CURSOS!A:A, CURSOS!C:C)} -> EN EL OMBLIGO DE LA LUNA | D17: P0129 | E17: {=XLOOKUP($D17,REGOLITOS!$A:$A,REGOLITOS!E:E)} -> 46 | F17: {=XLOOKUP($D17,REGOLITOS!$A:$A,REGOLITOS!F:F)} -> Administración | G17: {=XLOOKUP($D17,REGOLITOS!$A:$A,REGOLITOS!G:G)} -> Ciudad de México | H17: {=XLOOKUP($D17,REGOLITOS!$A:$A,REGOLITOS!H:H)} -> 55 55 0128 0128 | I17: {=XLOOKUP($D17,REGOLITOS!$A:$A,REGOLITOS!I:I)} -> usuario128@ejemplo.com | J17: {=XLOOKUP($D17,REGOLITOS!$A:$A,REGOLITOS!J:J)} | K17: {=XLOOKUP($D17,REGOLITOS!$A:$A,REGOLITOS!K:K)} -> Adulto | L17: 200 | M17: Asistió | N17: Asistió | O17: Asistió | P17: Faltó | Q17: Asistió | X17: =(COUNTIF(M17:W17, "Asistió")+COUNTIF(M17:W17, "Asíncrono")) -> 4 | Y17: TRUE
A18: LUN_1 | B18: {=XLOOKUP(A18, CURSOS!A:A, CURSOS!B:B)} -> 2 | C18: {=XLOOKUP(A18, CURSOS!A:A, CURSOS!C:C)} -> EN EL OMBLIGO DE LA LUNA | D18: P0105 | E18: {=XLOOKUP($D18,REGOLITOS!$A:$A,REGOLITOS!E:E)} -> 24 | F18: {=XLOOKUP($D18,REGOLITOS!$A:$A,REGOLITOS!F:F)} -> Estudiante | G18: {=XLOOKUP($D18,REGOLITOS!$A:$A,REGOLITOS!G:G)} -> México | H18: {=XLOOKUP($D18,REGOLITOS!$A:$A,REGOLITOS!H:H)} -> 55 55 0104 0104 | I18: {=XLOOKUP($D18,REGOLITOS!$A:$A,REGOLITOS!I:I)} -> usuario104@ejemplo.com | J18: {=XLOOKUP($D18,REGOLITOS!$A:$A,REGOLITOS!J:J)} | K18: {=XLOOKUP($D18,REGOLITOS!$A:$A,REGOLITOS!K:K)} -> Infancia | L18: 200 | M18: Asistió | N18: Asistió | O18: Asistió | P18: Asistió | Q18: Faltó | X18: =(COUNTIF(M18:W18, "Asistió")+COUNTIF(M18:W18, "Asíncrono")) -> 4 | Y18: TRUE
A19: LUN_1 | B19: {=XLOOKUP(A19, CURSOS!A:A, CURSOS!B:B)} -> 2 | C19: {=XLOOKUP(A19, CURSOS!A:A, CURSOS!C:C)} -> EN EL OMBLIGO DE LA LUNA | D19: P0164 | E19: {=XLOOKUP($D19,REGOLITOS!$A:$A,REGOLITOS!E:E)} -> 61 | F19: {=XLOOKUP($D19,REGOLITOS!$A:$A,REGOLITOS!F:F)} -> Desconocido | G19: {=XLOOKUP($D19,REGOLITOS!$A:$A,REGOLITOS!G:G)} -> Jalisco | H19: {=XLOOKUP($D19,REGOLITOS!$A:$A,REGOLITOS!H:H)} -> 55 55 0163 0163 | I19: {=XLOOKUP($D19,REGOLITOS!$A:$A,REGOLITOS!I:I)} -> usuario163@ejemplo.com | J19: {=XLOOKUP($D19,REGOLITOS!$A:$A,REGOLITOS!J:J)} | K19: {=XLOOKUP($D19,REGOLITOS!$A:$A,REGOLITOS!K:K)} -> Adulto | L19: 200 | M19: Faltó | N19: Asistió | O19: Faltó | P19: Asistió | Q19: Asistió | X19: =(COUNTIF(M19:W19, "Asistió")+COUNTIF(M19:W19, "Asíncrono")) -> 3 | Y19: FALSE
A20: LUN_1 | B20: {=XLOOKUP(A20, CURSOS!A:A, CURSOS!B:B)} -> 2 | C20: {=XLOOKUP(A20, CURSOS!A:A, CURSOS!C:C)} -> EN EL OMBLIGO DE LA LUNA | D20: P0112 | E20: {=XLOOKUP($D20,REGOLITOS!$A:$A,REGOLITOS!E:E)} -> 25 | F20: {=XLOOKUP($D20,REGOLITOS!$A:$A,REGOLITOS!F:F)} -> Desconocido | G20: {=XLOOKUP($D20,REGOLITOS!$A:$A,REGOLITOS!G:G)} -> Estado de México | H20: {=XLOOKUP($D20,REGOLITOS!$A:$A,REGOLITOS!H:H)} -> 55 55 0111 0111 | I20: {=XLOOKUP($D20,REGOLITOS!$A:$A,REGOLITOS!I:I)} -> usuario111@ejemplo.com | J20: {=XLOOKUP($D20,REGOLITOS!$A:$A,REGOLITOS!J:J)} | K20: {=XLOOKUP($D20,REGOLITOS!$A:$A,REGOLITOS!K:K)} -> Adulto | L20: 200 | M20: Asistió | N20: Faltó | O20: Faltó | P20: Asistió | Q20: Asistió | X20: =(COUNTIF(M20:W20, "Asistió")+COUNTIF(M20:W20, "Asíncrono")) -> 3 | Y20: FALSE
... A33: SOL_1 | B33: {=XLOOKUP(A33, CURSOS!A:A, CURSOS!B:B)} -> 3 | C33: {=XLOOKUP(A33, CURSOS!A:A, CURSOS!C:C)} -> LA ESTRELLA QUE NOS ILUMINA | D33: P0034 | E33: {=XLOOKUP($D33,REGOLITOS!$A:$A,REGOLITOS!E:E)} -> 26 | F33: {=XLOOKUP($D33,REGOLITOS!$A:$A,REGOLITOS!F:F)} -> Estudiante | G33: {=XLOOKUP($D33,REGOLITOS!$A:$A,REGOLITOS!G:G)} -> Desconocido | H33: {=XLOOKUP($D33,REGOLITOS!$A:$A,REGOLITOS!H:H)} -> 55 55 0033 0033 | I33: {=XLOOKUP($D33,REGOLITOS!$A:$A,REGOLITOS!I:I)} -> usuario33@ejemplo.com | J33: {=XLOOKUP($D33,REGOLITOS!$A:$A,REGOLITOS!J:J)} | K33: {=XLOOKUP($D33,REGOLITOS!$A:$A,REGOLITOS!K:K)} -> Infancia | L33: 200 | M33: Faltó | N33: Faltó | O33: Faltó | P33: Faltó | Q33: Faltó | X33: =(COUNTIF(M33:W33, "Asistió")+COUNTIF(M33:W33, "Asíncrono")) -> 0 | Y33: FALSE
A34: SS_1 | B34: {=XLOOKUP(A34, CURSOS!A:A, CURSOS!B:B)} -> 4 | C34: {=XLOOKUP(A34, CURSOS!A:A, CURSOS!C:C)} -> VAGABUNDOS DEL FIRMAMENTO | D34: P0015 | E34: {=XLOOKUP($D34,REGOLITOS!$A:$A,REGOLITOS!E:E)} -> 81 | F34: {=XLOOKUP($D34,REGOLITOS!$A:$A,REGOLITOS!F:F)} -> Estudiante | G34: {=XLOOKUP($D34,REGOLITOS!$A:$A,REGOLITOS!G:G)} -> Sinaloa | H34: {=XLOOKUP($D34,REGOLITOS!$A:$A,REGOLITOS!H:H)} -> 55 55 0014 0014 | I34: {=XLOOKUP($D34,REGOLITOS!$A:$A,REGOLITOS!I:I)} -> usuario14@ejemplo.com | J34: {=XLOOKUP($D34,REGOLITOS!$A:$A,REGOLITOS!J:J)} | K34: {=XLOOKUP($D34,REGOLITOS!$A:$A,REGOLITOS!K:K)} -> Adulto Mayor | M34: Asistió | N34: Asistió | O34: Asistió | P34: Asistió | Q34: Asistió | X34: =(COUNTIF(M34:W34, "Asistió")+COUNTIF(M34:W34, "Asíncrono")) -> 5 | Y34: TRUE
A35: SS_1 | B35: {=XLOOKUP(A35, CURSOS!A:A, CURSOS!B:B)} -> 4 | C35: {=XLOOKUP(A35, CURSOS!A:A, CURSOS!C:C)} -> VAGABUNDOS DEL FIRMAMENTO | D35: P0171 | E35: {=XLOOKUP($D35,REGOLITOS!$A:$A,REGOLITOS!E:E)} -> 45 | F35: {=XLOOKUP($D35,REGOLITOS!$A:$A,REGOLITOS!F:F)} -> Estudiante | G35: {=XLOOKUP($D35,REGOLITOS!$A:$A,REGOLITOS!G:G)} -> Estado de México | H35: {=XLOOKUP($D35,REGOLITOS!$A:$A,REGOLITOS!H:H)} -> 55 55 0170 0170 | I35: {=XLOOKUP($D35,REGOLITOS!$A:$A,REGOLITOS!I:I)} -> usuario170@ejemplo.com | J35: {=XLOOKUP($D35,REGOLITOS!$A:$A,REGOLITOS!J:J)} | K35: {=XLOOKUP($D35,REGOLITOS!$A:$A,REGOLITOS!K:K)} -> Adulto | M35: Asistió | N35: Asistió | O35: Asistió | P35: Asistió | Q35: Asistió | X35: =(COUNTIF(M35:W35, "Asistió")+COUNTIF(M35:W35, "Asíncrono")) -> 5 | Y35: TRUE
A36: SS_1 | B36: {=XLOOKUP(A36, CURSOS!A:A, CURSOS!B:B)} -> 4 | C36: {=XLOOKUP(A36, CURSOS!A:A, CURSOS!C:C)} -> VAGABUNDOS DEL FIRMAMENTO | D36: P0029 | E36: {=XLOOKUP($D36,REGOLITOS!$A:$A,REGOLITOS!E:E)} -> 15 | F36: {=XLOOKUP($D36,REGOLITOS!$A:$A,REGOLITOS!F:F)} -> Ingeniería Civil | G36: {=XLOOKUP($D36,REGOLITOS!$A:$A,REGOLITOS!G:G)} -> Ciudad de México | H36: {=XLOOKUP($D36,REGOLITOS!$A:$A,REGOLITOS!H:H)} -> 55 55 0028 0028 | I36: {=XLOOKUP($D36,REGOLITOS!$A:$A,REGOLITOS!I:I)} -> usuario28@ejemplo.com | J36: {=XLOOKUP($D36,REGOLITOS!$A:$A,REGOLITOS!J:J)} -> Tutor_028 | K36: {=XLOOKUP($D36,REGOLITOS!$A:$A,REGOLITOS!K:K)} -> Adolescente | L36: 160 | M36: Asistió | N36: Asistió | O36: Asistió | P36: Asistió | Q36: Asistió | X36: =(COUNTIF(M36:W36, "Asistió")+COUNTIF(M36:W36, "Asíncrono")) -> 5 | Y36: TRUE
A37: SS_1 | B37: {=XLOOKUP(A37, CURSOS!A:A, CURSOS!B:B)} -> 4 | C37: {=XLOOKUP(A37, CURSOS!A:A, CURSOS!C:C)} -> VAGABUNDOS DEL FIRMAMENTO | D37: P0086 | E37: {=XLOOKUP($D37,REGOLITOS!$A:$A,REGOLITOS!E:E)} -> 18 | F37: {=XLOOKUP($D37,REGOLITOS!$A:$A,REGOLITOS!F:F)} -> Estudiante | G37: {=XLOOKUP($D37,REGOLITOS!$A:$A,REGOLITOS!G:G)} -> Hidalgo | H37: {=XLOOKUP($D37,REGOLITOS!$A:$A,REGOLITOS!H:H)} -> 55 55 0085 0085 | I37: {=XLOOKUP($D37,REGOLITOS!$A:$A,REGOLITOS!I:I)} -> usuario85@ejemplo.com | J37: {=XLOOKUP($D37,REGOLITOS!$A:$A,REGOLITOS!J:J)} -> Tutor_085 | K37: {=XLOOKUP($D37,REGOLITOS!$A:$A,REGOLITOS!K:K)} -> Jóven adulto | L37: 160 | M37: Asistió | N37: Asistió | O37: Asistió | P37: Asistió | Q37: Asistió | X37: =(COUNTIF(M37:W37, "Asistió")+COUNTIF(M37:W37, "Asíncrono")) -> 5 | Y37: TRUE
A38: SS_1 | B38: {=XLOOKUP(A38, CURSOS!A:A, CURSOS!B:B)} -> 4 | C38: {=XLOOKUP(A38, CURSOS!A:A, CURSOS!C:C)} -> VAGABUNDOS DEL FIRMAMENTO | D38: P0083 | E38: {=XLOOKUP($D38,REGOLITOS!$A:$A,REGOLITOS!E:E)} -> 66 | F38: {=XLOOKUP($D38,REGOLITOS!$A:$A,REGOLITOS!F:F)} -> Operadora de CTP | G38: {=XLOOKUP($D38,REGOLITOS!$A:$A,REGOLITOS!G:G)} -> Ciudad de México | H38: {=XLOOKUP($D38,REGOLITOS!$A:$A,REGOLITOS!H:H)} -> 55 55 0082 0082 | I38: {=XLOOKUP($D38,REGOLITOS!$A:$A,REGOLITOS!I:I)} -> usuario82@ejemplo.com | J38: {=XLOOKUP($D38,REGOLITOS!$A:$A,REGOLITOS!J:J)} | K38: {=XLOOKUP($D38,REGOLITOS!$A:$A,REGOLITOS!K:K)} -> Adulto Mayor | M38: Asistió | N38: Asistió | O38: Asistió | P38: Asistió | Q38: Asistió | X38: =(COUNTIF(M38:W38, "Asistió")+COUNTIF(M38:W38, "Asíncrono")) -> 5 | Y38: TRUE
A39: SS_1 | B39: {=XLOOKUP(A39, CURSOS!A:A, CURSOS!B:B)} -> 4 | C39: {=XLOOKUP(A39, CURSOS!A:A, CURSOS!C:C)} -> VAGABUNDOS DEL FIRMAMENTO | D39: P0140 | E39: {=XLOOKUP($D39,REGOLITOS!$A:$A,REGOLITOS!E:E)} -> 23 | F39: {=XLOOKUP($D39,REGOLITOS!$A:$A,REGOLITOS!F:F)} -> Estudiante | G39: {=XLOOKUP($D39,REGOLITOS!$A:$A,REGOLITOS!G:G)} -> Desconocido | H39: {=XLOOKUP($D39,REGOLITOS!$A:$A,REGOLITOS!H:H)} -> 55 55 0139 0139 | I39: {=XLOOKUP($D39,REGOLITOS!$A:$A,REGOLITOS!I:I)} -> usuario139@ejemplo.com | J39: {=XLOOKUP($D39,REGOLITOS!$A:$A,REGOLITOS!J:J)} | K39: {=XLOOKUP($D39,REGOLITOS!$A:$A,REGOLITOS!K:K)} -> Jóven adulto | M39: Asistió | N39: Asistió | O39: Asistió | P39: Asíncrono | Q39: Asistió | X39: =(COUNTIF(M39:W39, "Asistió")+COUNTIF(M39:W39, "Asíncrono")) -> 5 | Y39: TRUE
A40: SS_1 | B40: {=XLOOKUP(A40, CURSOS!A:A, CURSOS!B:B)} -> 4 | C40: {=XLOOKUP(A40, CURSOS!A:A, CURSOS!C:C)} -> VAGABUNDOS DEL FIRMAMENTO | D40: P0129 | E40: {=XLOOKUP($D40,REGOLITOS!$A:$A,REGOLITOS!E:E)} -> 46 | F40: {=XLOOKUP($D40,REGOLITOS!$A:$A,REGOLITOS!F:F)} -> Administración | G40: {=XLOOKUP($D40,REGOLITOS!$A:$A,REGOLITOS!G:G)} -> Ciudad de México | H40: {=XLOOKUP($D40,REGOLITOS!$A:$A,REGOLITOS!H:H)} -> 55 55 0128 0128 | I40: {=XLOOKUP($D40,REGOLITOS!$A:$A,REGOLITOS!I:I)} -> usuario128@ejemplo.com | J40: {=XLOOKUP($D40,REGOLITOS!$A:$A,REGOLITOS!J:J)} | K40: {=XLOOKUP($D40,REGOLITOS!$A:$A,REGOLITOS!K:K)} -> Adulto | L40: 160 | M40: Asistió | N40: Faltó | O40: Asistió | P40: Asistió | Q40: Asistió | X40: =(COUNTIF(M40:W40, "Asistió")+COUNTIF(M40:W40, "Asíncrono")) -> 4 | Y40: TRUE
A41: SS_1 | B41: {=XLOOKUP(A41, CURSOS!A:A, CURSOS!B:B)} -> 4 | C41: {=XLOOKUP(A41, CURSOS!A:A, CURSOS!C:C)} -> VAGABUNDOS DEL FIRMAMENTO | D41: P0104 | E41: {=XLOOKUP($D41,REGOLITOS!$A:$A,REGOLITOS!E:E)} -> 66 | F41: {=XLOOKUP($D41,REGOLITOS!$A:$A,REGOLITOS!F:F)} -> Estudiante HS | G41: {=XLOOKUP($D41,REGOLITOS!$A:$A,REGOLITOS!G:G)} -> Jalisco | H41: {=XLOOKUP($D41,REGOLITOS!$A:$A,REGOLITOS!H:H)} -> 55 55 0103 0103 | I41: {=XLOOKUP($D41,REGOLITOS!$A:$A,REGOLITOS!I:I)} -> usuario103@ejemplo.com | J41: {=XLOOKUP($D41,REGOLITOS!$A:$A,REGOLITOS!J:J)} | K41: {=XLOOKUP($D41,REGOLITOS!$A:$A,REGOLITOS!K:K)} -> Adulto Mayor | L41: 160 | M41: Asistió | N41: Asistió | O41: Faltó | P41: Asistió | Q41: Asistió | X41: =(COUNTIF(M41:W41, "Asistió")+COUNTIF(M41:W41, "Asíncrono")) -> 4 | Y41: TRUE
A42: SS_1 | B42: {=XLOOKUP(A42, CURSOS!A:A, CURSOS!B:B)} -> 4 | C42: {=XLOOKUP(A42, CURSOS!A:A, CURSOS!C:C)} -> VAGABUNDOS DEL FIRMAMENTO | D42: P0088 | E42: {=XLOOKUP($D42,REGOLITOS!$A:$A,REGOLITOS!E:E)} -> 88 | F42: {=XLOOKUP($D42,REGOLITOS!$A:$A,REGOLITOS!F:F)} -> Desconocido | G42: {=XLOOKUP($D42,REGOLITOS!$A:$A,REGOLITOS!G:G)} -> Ciudad de México | H42: {=XLOOKUP($D42,REGOLITOS!$A:$A,REGOLITOS!H:H)} -> 55 55 0087 0087 | I42: {=XLOOKUP($D42,REGOLITOS!$A:$A,REGOLITOS!I:I)} -> usuario87@ejemplo.com | J42: {=XLOOKUP($D42,REGOLITOS!$A:$A,REGOLITOS!J:J)} | K42: {=XLOOKUP($D42,REGOLITOS!$A:$A,REGOLITOS!K:K)} -> Adulto Mayor | M42: Asistió | N42: Faltó | O42: Asistió | P42: Asistió | Q42: Asistió | X42: =(COUNTIF(M42:W42, "Asistió")+COUNTIF(M42:W42, "Asíncrono")) -> 4 | Y42: TRUE
A43: SS_1 | B43: {=XLOOKUP(A43, CURSOS!A:A, CURSOS!B:B)} -> 4 | C43: {=XLOOKUP(A43, CURSOS!A:A, CURSOS!C:C)} -> VAGABUNDOS DEL FIRMAMENTO | D43: P0124 | E43: {=XLOOKUP($D43,REGOLITOS!$A:$A,REGOLITOS!E:E)} -> 83 | F43: {=XLOOKUP($D43,REGOLITOS!$A:$A,REGOLITOS!F:F)} -> Desconocido | G43: {=XLOOKUP($D43,REGOLITOS!$A:$A,REGOLITOS!G:G)} -> Desconocido | H43: {=XLOOKUP($D43,REGOLITOS!$A:$A,REGOLITOS!H:H)} -> 55 55 0123 0123 | I43: {=XLOOKUP($D43,REGOLITOS!$A:$A,REGOLITOS!I:I)} -> usuario123@ejemplo.com | J43: {=XLOOKUP($D43,REGOLITOS!$A:$A,REGOLITOS!J:J)} | K43: {=XLOOKUP($D43,REGOLITOS!$A:$A,REGOLITOS!K:K)} -> Adulto Mayor | M43: Asistió | N43: Asistió | O43: Faltó | P43: Asistió | Q43: Faltó | X43: =(COUNTIF(M43:W43, "Asistió")+COUNTIF(M43:W43, "Asíncrono")) -> 3 | Y43: FALSE
A44: SS_1 | B44: {=XLOOKUP(A44, CURSOS!A:A, CURSOS!B:B)} -> 4 | C44: {=XLOOKUP(A44, CURSOS!A:A, CURSOS!C:C)} -> VAGABUNDOS DEL FIRMAMENTO | D44: P0032 | E44: {=XLOOKUP($D44,REGOLITOS!$A:$A,REGOLITOS!E:E)} -> 50 | F44: {=XLOOKUP($D44,REGOLITOS!$A:$A,REGOLITOS!F:F)} -> Estudiante | G44: {=XLOOKUP($D44,REGOLITOS!$A:$A,REGOLITOS!G:G)} -> Desconocido | H44: {=XLOOKUP($D44,REGOLITOS!$A:$A,REGOLITOS!H:H)} -> 55 55 0031 0031 | I44: {=XLOOKUP($D44,REGOLITOS!$A:$A,REGOLITOS!I:I)} -> usuario31@ejemplo.com | J44: {=XLOOKUP($D44,REGOLITOS!$A:$A,REGOLITOS!J:J)} | K44: {=XLOOKUP($D44,REGOLITOS!$A:$A,REGOLITOS!K:K)} -> Infancia | M44: Asistió | N44: Asistió | O44: Faltó | P44: Asistió | Q44: Faltó | X44: =(COUNTIF(M44:W44, "Asistió")+COUNTIF(M44:W44, "Asíncrono")) -> 3 | Y44: FALSE
A45: SS_1 | B45: {=XLOOKUP(A45, CURSOS!A:A, CURSOS!B:B)} -> 4 | C45: {=XLOOKUP(A45, CURSOS!A:A, CURSOS!C:C)} -> VAGABUNDOS DEL FIRMAMENTO | D45: P0167 | E45: {=XLOOKUP($D45,REGOLITOS!$A:$A,REGOLITOS!E:E)} -> 47 | F45: {=XLOOKUP($D45,REGOLITOS!$A:$A,REGOLITOS!F:F)} -> Desconocido | G45: {=XLOOKUP($D45,REGOLITOS!$A:$A,REGOLITOS!G:G)} -> Estado de México | H45: {=XLOOKUP($D45,REGOLITOS!$A:$A,REGOLITOS!H:H)} -> 55 55 0166 0166 | I45: {=XLOOKUP($D45,REGOLITOS!$A:$A,REGOLITOS!I:I)} -> usuario166@ejemplo.com | J45: {=XLOOKUP($D45,REGOLITOS!$A:$A,REGOLITOS!J:J)} | K45: {=XLOOKUP($D45,REGOLITOS!$A:$A,REGOLITOS!K:K)} -> Adulto | L45: 160 | M45: Asistió | N45: Faltó | O45: Faltó | P45: Asistió | Q45: Faltó | X45: =(COUNTIF(M45:W45, "Asistió")+COUNTIF(M45:W45, "Asíncrono")) -> 2 | Y45: FALSE
A46: SS_1 | B46: {=XLOOKUP(A46, CURSOS!A:A, CURSOS!B:B)} -> 4 | C46: {=XLOOKUP(A46, CURSOS!A:A, CURSOS!C:C)} -> VAGABUNDOS DEL FIRMAMENTO | D46: P0054 | E46: {=XLOOKUP($D46,REGOLITOS!$A:$A,REGOLITOS!E:E)} -> 55 | F46: {=XLOOKUP($D46,REGOLITOS!$A:$A,REGOLITOS!F:F)} -> Desconocido | G46: {=XLOOKUP($D46,REGOLITOS!$A:$A,REGOLITOS!G:G)} -> Desconocido | H46: {=XLOOKUP($D46,REGOLITOS!$A:$A,REGOLITOS!H:H)} -> 55 55 0053 0053 | I46: {=XLOOKUP($D46,REGOLITOS!$A:$A,REGOLITOS!I:I)} -> usuario53@ejemplo.com | J46: {=XLOOKUP($D46,REGOLITOS!$A:$A,REGOLITOS!J:J)} | K46: {=XLOOKUP($D46,REGOLITOS!$A:$A,REGOLITOS!K:K)} -> Adulto | M46: Asistió | N46: Asistió | O46: Faltó | P46: Faltó | Q46: Faltó | X46: =(COUNTIF(M46:W46, "Asistió")+COUNTIF(M46:W46, "Asíncrono")) -> 2 | Y46: FALSE
A47: SS_1 | B47: {=XLOOKUP(A47, CURSOS!A:A, CURSOS!B:B)} -> 4 | C47: {=XLOOKUP(A47, CURSOS!A:A, CURSOS!C:C)} -> VAGABUNDOS DEL FIRMAMENTO | D47: P0183 | E47: {=XLOOKUP($D47,REGOLITOS!$A:$A,REGOLITOS!E:E)} -> 70 | F47: {=XLOOKUP($D47,REGOLITOS!$A:$A,REGOLITOS!F:F)} -> Estudiante | G47: {=XLOOKUP($D47,REGOLITOS!$A:$A,REGOLITOS!G:G)} -> Desconocido | H47: {=XLOOKUP($D47,REGOLITOS!$A:$A,REGOLITOS!H:H)} -> 55 55 0182 0182 | I47: {=XLOOKUP($D47,REGOLITOS!$A:$A,REGOLITOS!I:I)} -> usuario182@ejemplo.com | J47: {=XLOOKUP($D47,REGOLITOS!$A:$A,REGOLITOS!J:J)} | K47: {=XLOOKUP($D47,REGOLITOS!$A:$A,REGOLITOS!K:K)} -> Adulto Mayor | M47: Asistió | N47: Asistió | O47: Faltó | P47: Faltó | Q47: Faltó | X47: =(COUNTIF(M47:W47, "Asistió")+COUNTIF(M47:W47, "Asíncrono")) -> 2 | Y47: FALSE
A48: SS_1 | B48: {=XLOOKUP(A48, CURSOS!A:A, CURSOS!B:B)} -> 4 | C48: {=XLOOKUP(A48, CURSOS!A:A, CURSOS!C:C)} -> VAGABUNDOS DEL FIRMAMENTO | D48: P0031 | E48: {=XLOOKUP($D48,REGOLITOS!$A:$A,REGOLITOS!E:E)} -> 35 | F48: {=XLOOKUP($D48,REGOLITOS!$A:$A,REGOLITOS!F:F)} -> Hogar | G48: {=XLOOKUP($D48,REGOLITOS!$A:$A,REGOLITOS!G:G)} -> Quintana Roo | H48: {=XLOOKUP($D48,REGOLITOS!$A:$A,REGOLITOS!H:H)} -> 55 55 0030 0030 | I48: {=XLOOKUP($D48,REGOLITOS!$A:$A,REGOLITOS!I:I)} -> usuario30@ejemplo.com | J48: {=XLOOKUP($D48,REGOLITOS!$A:$A,REGOLITOS!J:J)} | K48: {=XLOOKUP($D48,REGOLITOS!$A:$A,REGOLITOS!K:K)} -> Adulto | M48: Asistió | N48: Asistió | O48: Faltó | P48: Faltó | Q48: Faltó | X48: =(COUNTIF(M48:W48, "Asistió")+COUNTIF(M48:W48, "Asíncrono")) -> 2 | Y48: FALSE
A49: SS_1 | B49: {=XLOOKUP(A49, CURSOS!A:A, CURSOS!B:B)} -> 4 | C49: {=XLOOKUP(A49, CURSOS!A:A, CURSOS!C:C)} -> VAGABUNDOS DEL FIRMAMENTO | D49: P0073 | E49: {=XLOOKUP($D49,REGOLITOS!$A:$A,REGOLITOS!E:E)} -> 73 | F49: {=XLOOKUP($D49,REGOLITOS!$A:$A,REGOLITOS!F:F)} -> Estudiante | G49: {=XLOOKUP($D49,REGOLITOS!$A:$A,REGOLITOS!G:G)} -> Nuevo León | H49: {=XLOOKUP($D49,REGOLITOS!$A:$A,REGOLITOS!H:H)} -> 55 55 0072 0072 | I49: {=XLOOKUP($D49,REGOLITOS!$A:$A,REGOLITOS!I:I)} -> usuario72@ejemplo.com | J49: {=XLOOKUP($D49,REGOLITOS!$A:$A,REGOLITOS!J:J)} | K49: {=XLOOKUP($D49,REGOLITOS!$A:$A,REGOLITOS!K:K)} -> Infancia | L49: 200 | M49: Asíncrono | N49: Asistió | O49: Faltó | P49: Faltó | Q49: Faltó | X49: =(COUNTIF(M49:W49, "Asistió")+COUNTIF(M49:W49, "Asíncrono")) -> 2 | Y49: FALSE
A50: SS_1 | B50: {=XLOOKUP(A50, CURSOS!A:A, CURSOS!B:B)} -> 4 | C50: {=XLOOKUP(A50, CURSOS!A:A, CURSOS!C:C)} -> VAGABUNDOS DEL FIRMAMENTO | D50: P0079 | E50: {=XLOOKUP($D50,REGOLITOS!$A:$A,REGOLITOS!E:E)} -> 10 | F50: {=XLOOKUP($D50,REGOLITOS!$A:$A,REGOLITOS!F:F)} -> Estudiante | G50: {=XLOOKUP($D50,REGOLITOS!$A:$A,REGOLITOS!G:G)} -> Desconocido | H50: {=XLOOKUP($D50,REGOLITOS!$A:$A,REGOLITOS!H:H)} -> 55 55 0078 0078 | I50: {=XLOOKUP($D50,REGOLITOS!$A:$A,REGOLITOS!I:I)} -> usuario78@ejemplo.com | J50: {=XLOOKUP($D50,REGOLITOS!$A:$A,REGOLITOS!J:J)} -> Tutor_078 | K50: {=XLOOKUP($D50,REGOLITOS!$A:$A,REGOLITOS!K:K)} -> Infancia | M50: Asistió | N50: Faltó | O50: Faltó | P50: Faltó | Q50: Faltó | X50: =(COUNTIF(M50:W50, "Asistió")+COUNTIF(M50:W50, "Asíncrono")) -> 1 | Y50: FALSE
A51: CON_1 | B51: {=XLOOKUP(A51, CURSOS!A:A, CURSOS!B:B)} -> 5 | C51: {=XLOOKUP(A51, CURSOS!A:A, CURSOS!C:C)} -> EL ROMPECABEZAS DEL CIELO | D51: P0006 | E51: {=XLOOKUP($D51,REGOLITOS!$A:$A,REGOLITOS!E:E)} -> 49 | F51: {=XLOOKUP($D51,REGOLITOS!$A:$A,REGOLITOS!F:F)} -> Desconocido | G51: {=XLOOKUP($D51,REGOLITOS!$A:$A,REGOLITOS!G:G)} -> Veracruz | H51: {=XLOOKUP($D51,REGOLITOS!$A:$A,REGOLITOS!H:H)} -> 55 55 0005 0005 | I51: {=XLOOKUP($D51,REGOLITOS!$A:$A,REGOLITOS!I:I)} -> usuario5@ejemplo.com | J51: {=XLOOKUP($D51,REGOLITOS!$A:$A,REGOLITOS!J:J)} | K51: {=XLOOKUP($D51,REGOLITOS!$A:$A,REGOLITOS!K:K)} -> Adulto | L51: 200 | M51: Asistió | N51: Asistió | O51: Asistió | P51: Asistió | Q51: Faltó | X51: =(COUNTIF(M51:W51, "Asistió")+COUNTIF(M51:W51, "Asíncrono")) -> 4 | Y51: TRUE
A52: CON_1 | B52: {=XLOOKUP(A52, CURSOS!A:A, CURSOS!B:B)} -> 5 | C52: {=XLOOKUP(A52, CURSOS!A:A, CURSOS!C:C)} -> EL ROMPECABEZAS DEL CIELO | D52: P0083 | E52: {=XLOOKUP($D52,REGOLITOS!$A:$A,REGOLITOS!E:E)} -> 66 | F52: {=XLOOKUP($D52,REGOLITOS!$A:$A,REGOLITOS!F:F)} -> Operadora de CTP | G52: {=XLOOKUP($D52,REGOLITOS!$A:$A,REGOLITOS!G:G)} -> Ciudad de México | H52: {=XLOOKUP($D52,REGOLITOS!$A:$A,REGOLITOS!H:H)} -> 55 55 0082 0082 | I52: {=XLOOKUP($D52,REGOLITOS!$A:$A,REGOLITOS!I:I)} -> usuario82@ejemplo.com | J52: {=XLOOKUP($D52,REGOLITOS!$A:$A,REGOLITOS!J:J)} | K52: {=XLOOKUP($D52,REGOLITOS!$A:$A,REGOLITOS!K:K)} -> Adulto Mayor | L52: 200 | M52: Asistió | N52: Asistió | O52: Asistió | P52: Asistió | Q52: Asistió | X52: =(COUNTIF(M52:W52, "Asistió")+COUNTIF(M52:W52, "Asíncrono")) -> 5 | Y52: TRUE
A53: CON_1 | B53: {=XLOOKUP(A53, CURSOS!A:A, CURSOS!B:B)} -> 5 | C53: {=XLOOKUP(A53, CURSOS!A:A, CURSOS!C:C)} -> EL ROMPECABEZAS DEL CIELO | D53: P0171 | E53: {=XLOOKUP($D53,REGOLITOS!$A:$A,REGOLITOS!E:E)} -> 45 | F53: {=XLOOKUP($D53,REGOLITOS!$A:$A,REGOLITOS!F:F)} -> Estudiante | G53: {=XLOOKUP($D53,REGOLITOS!$A:$A,REGOLITOS!G:G)} -> Estado de México | H53: {=XLOOKUP($D53,REGOLITOS!$A:$A,REGOLITOS!H:H)} -> 55 55 0170 0170 | I53: {=XLOOKUP($D53,REGOLITOS!$A:$A,REGOLITOS!I:I)} -> usuario170@ejemplo.com | J53: {=XLOOKUP($D53,REGOLITOS!$A:$A,REGOLITOS!J:J)} | K53: {=XLOOKUP($D53,REGOLITOS!$A:$A,REGOLITOS!K:K)} -> Adulto | L53: 160 | M53: Asistió | N53: Asistió | O53: Asistió | P53: Asistió | Q53: Asistió | X53: =(COUNTIF(M53:W53, "Asistió")+COUNTIF(M53:W53, "Asíncrono")) -> 5 | Y53: TRUE
A54: CON_1 | B54: {=XLOOKUP(A54, CURSOS!A:A, CURSOS!B:B)} -> 5 | C54: {=XLOOKUP(A54, CURSOS!A:A, CURSOS!C:C)} -> EL ROMPECABEZAS DEL CIELO | D54: P0045 | E54: {=XLOOKUP($D54,REGOLITOS!$A:$A,REGOLITOS!E:E)} -> 51 | F54: {=XLOOKUP($D54,REGOLITOS!$A:$A,REGOLITOS!F:F)} -> Odontóloga | G54: {=XLOOKUP($D54,REGOLITOS!$A:$A,REGOLITOS!G:G)} -> Estado de México | H54: {=XLOOKUP($D54,REGOLITOS!$A:$A,REGOLITOS!H:H)} -> 55 55 0044 0044 | I54: {=XLOOKUP($D54,REGOLITOS!$A:$A,REGOLITOS!I:I)} -> usuario44@ejemplo.com | J54: {=XLOOKUP($D54,REGOLITOS!$A:$A,REGOLITOS!J:J)} | K54: {=XLOOKUP($D54,REGOLITOS!$A:$A,REGOLITOS!K:K)} -> Adulto | L54: J | M54: Asistió | N54: Asistió | O54: Asistió | P54: Asistió | Q54: Asistió | X54: =(COUNTIF(M54:W54, "Asistió")+COUNTIF(M54:W54, "Asíncrono")) -> 5 | Y54: TRUE
A55: CON_1 | B55: {=XLOOKUP(A55, CURSOS!A:A, CURSOS!B:B)} -> 5 | C55: {=XLOOKUP(A55, CURSOS!A:A, CURSOS!C:C)} -> EL ROMPECABEZAS DEL CIELO | D55: P0029 | E55: {=XLOOKUP($D55,REGOLITOS!$A:$A,REGOLITOS!E:E)} -> 15 | F55: {=XLOOKUP($D55,REGOLITOS!$A:$A,REGOLITOS!F:F)} -> Ingeniería Civil | G55: {=XLOOKUP($D55,REGOLITOS!$A:$A,REGOLITOS!G:G)} -> Ciudad de México | H55: {=XLOOKUP($D55,REGOLITOS!$A:$A,REGOLITOS!H:H)} -> 55 55 0028 0028 | I55: {=XLOOKUP($D55,REGOLITOS!$A:$A,REGOLITOS!I:I)} -> usuario28@ejemplo.com | J55: {=XLOOKUP($D55,REGOLITOS!$A:$A,REGOLITOS!J:J)} -> Tutor_028 | K55: {=XLOOKUP($D55,REGOLITOS!$A:$A,REGOLITOS!K:K)} -> Adolescente | L55: 160 | M55: Asistió | N55: Asistió | O55: Asistió | P55: Asistió | Q55: Asistió | X55: =(COUNTIF(M55:W55, "Asistió")+COUNTIF(M55:W55, "Asíncrono")) -> 5 | Y55: TRUE
A56: CON_1 | B56: {=XLOOKUP(A56, CURSOS!A:A, CURSOS!B:B)} -> 5 | C56: {=XLOOKUP(A56, CURSOS!A:A, CURSOS!C:C)} -> EL ROMPECABEZAS DEL CIELO | D56: P0088 | E56: {=XLOOKUP($D56,REGOLITOS!$A:$A,REGOLITOS!E:E)} -> 88 | F56: {=XLOOKUP($D56,REGOLITOS!$A:$A,REGOLITOS!F:F)} -> Desconocido | G56: {=XLOOKUP($D56,REGOLITOS!$A:$A,REGOLITOS!G:G)} -> Ciudad de México | H56: {=XLOOKUP($D56,REGOLITOS!$A:$A,REGOLITOS!H:H)} -> 55 55 0087 0087 | I56: {=XLOOKUP($D56,REGOLITOS!$A:$A,REGOLITOS!I:I)} -> usuario87@ejemplo.com | J56: {=XLOOKUP($D56,REGOLITOS!$A:$A,REGOLITOS!J:J)} | K56: {=XLOOKUP($D56,REGOLITOS!$A:$A,REGOLITOS!K:K)} -> Adulto Mayor | L56: 160 | M56: Asistió | N56: Asistió | O56: Asistió | P56: Asistió | Q56: Faltó | X56: =(COUNTIF(M56:W56, "Asistió")+COUNTIF(M56:W56, "Asíncrono")) -> 4 | Y56: TRUE
A57: CON_1 | B57: {=XLOOKUP(A57, CURSOS!A:A, CURSOS!B:B)} -> 5 | C57: {=XLOOKUP(A57, CURSOS!A:A, CURSOS!C:C)} -> EL ROMPECABEZAS DEL CIELO | D57: P0104 | E57: {=XLOOKUP($D57,REGOLITOS!$A:$A,REGOLITOS!E:E)} -> 66 | F57: {=XLOOKUP($D57,REGOLITOS!$A:$A,REGOLITOS!F:F)} -> Estudiante HS | G57: {=XLOOKUP($D57,REGOLITOS!$A:$A,REGOLITOS!G:G)} -> Jalisco | H57: {=XLOOKUP($D57,REGOLITOS!$A:$A,REGOLITOS!H:H)} -> 55 55 0103 0103 | I57: {=XLOOKUP($D57,REGOLITOS!$A:$A,REGOLITOS!I:I)} -> usuario103@ejemplo.com | J57: {=XLOOKUP($D57,REGOLITOS!$A:$A,REGOLITOS!J:J)} | K57: {=XLOOKUP($D57,REGOLITOS!$A:$A,REGOLITOS!K:K)} -> Adulto Mayor | L57: 160 | M57: Asistió | N57: Asistió | O57: Asistió | P57: Asistió | Q57: Asistió | X57: =(COUNTIF(M57:W57, "Asistió")+COUNTIF(M57:W57, "Asíncrono")) -> 5 | Y57: TRUE
A58: CON_1 | B58: {=XLOOKUP(A58, CURSOS!A:A, CURSOS!B:B)} -> 5 | C58: {=XLOOKUP(A58, CURSOS!A:A, CURSOS!C:C)} -> EL ROMPECABEZAS DEL CIELO | D58: P0009 | E58: {=XLOOKUP($D58,REGOLITOS!$A:$A,REGOLITOS!E:E)} -> 75 | F58: {=XLOOKUP($D58,REGOLITOS!$A:$A,REGOLITOS!F:F)} -> Investigadora | G58: {=XLOOKUP($D58,REGOLITOS!$A:$A,REGOLITOS!G:G)} -> Ciudad de México | H58: {=XLOOKUP($D58,REGOLITOS!$A:$A,REGOLITOS!H:H)} -> 55 55 0008 0008 | I58: {=XLOOKUP($D58,REGOLITOS!$A:$A,REGOLITOS!I:I)} -> usuario8@ejemplo.com | J58: {=XLOOKUP($D58,REGOLITOS!$A:$A,REGOLITOS!J:J)} | K58: {=XLOOKUP($D58,REGOLITOS!$A:$A,REGOLITOS!K:K)} -> Adulto Mayor | L58: 200 | M58: Asistió | N58: Asistió | O58: Asistió | P58: Asistió | Q58: Asistió | X58: =(COUNTIF(M58:W58, "Asistió")+COUNTIF(M58:W58, "Asíncrono")) -> 5 | Y58: TRUE
A59: CON_1 | B59: {=XLOOKUP(A59, CURSOS!A:A, CURSOS!B:B)} -> 5 | C59: {=XLOOKUP(A59, CURSOS!A:A, CURSOS!C:C)} -> EL ROMPECABEZAS DEL CIELO | D59: P0129 | E59: {=XLOOKUP($D59,REGOLITOS!$A:$A,REGOLITOS!E:E)} -> 46 | F59: {=XLOOKUP($D59,REGOLITOS!$A:$A,REGOLITOS!F:F)} -> Administración | G59: {=XLOOKUP($D59,REGOLITOS!$A:$A,REGOLITOS!G:G)} -> Ciudad de México | H59: {=XLOOKUP($D59,REGOLITOS!$A:$A,REGOLITOS!H:H)} -> 55 55 0128 0128 | I59: {=XLOOKUP($D59,REGOLITOS!$A:$A,REGOLITOS!I:I)} -> usuario128@ejemplo.com | J59: {=XLOOKUP($D59,REGOLITOS!$A:$A,REGOLITOS!J:J)} | K59: {=XLOOKUP($D59,REGOLITOS!$A:$A,REGOLITOS!K:K)} -> Adulto | L59: 160 | M59: Faltó | N59: Asistió | O59: Asistió | P59: Asistió | Q59: Asistió | X59: =(COUNTIF(M59:W59, "Asistió")+COUNTIF(M59:W59, "Asíncrono")) -> 4 | Y59: TRUE
A60: CON_1 | B60: {=XLOOKUP(A60, CURSOS!A:A, CURSOS!B:B)} -> 5 | C60: {=XLOOKUP(A60, CURSOS!A:A, CURSOS!C:C)} -> EL ROMPECABEZAS DEL CIELO | D60: P0086 | E60: {=XLOOKUP($D60,REGOLITOS!$A:$A,REGOLITOS!E:E)} -> 18 | F60: {=XLOOKUP($D60,REGOLITOS!$A:$A,REGOLITOS!F:F)} -> Estudiante | G60: {=XLOOKUP($D60,REGOLITOS!$A:$A,REGOLITOS!G:G)} -> Hidalgo | H60: {=XLOOKUP($D60,REGOLITOS!$A:$A,REGOLITOS!H:H)} -> 55 55 0085 0085 | I60: {=XLOOKUP($D60,REGOLITOS!$A:$A,REGOLITOS!I:I)} -> usuario85@ejemplo.com | J60: {=XLOOKUP($D60,REGOLITOS!$A:$A,REGOLITOS!J:J)} -> Tutor_085 | K60: {=XLOOKUP($D60,REGOLITOS!$A:$A,REGOLITOS!K:K)} -> Jóven adulto | L60: 160 | M60: Asistió | N60: Faltó | O60: Asistió | P60: Asistió | Q60: Asistió | X60: =(COUNTIF(M60:W60, "Asistió")+COUNTIF(M60:W60, "Asíncrono")) -> 4 | Y60: TRUE
A61: CON_1 | B61: {=XLOOKUP(A61, CURSOS!A:A, CURSOS!B:B)} -> 5 | C61: {=XLOOKUP(A61, CURSOS!A:A, CURSOS!C:C)} -> EL ROMPECABEZAS DEL CIELO | D61: P0069 | E61: {=XLOOKUP($D61,REGOLITOS!$A:$A,REGOLITOS!E:E)} -> 15 | F61: {=XLOOKUP($D61,REGOLITOS!$A:$A,REGOLITOS!F:F)} -> Ingeniería Sistemas | G61: {=XLOOKUP($D61,REGOLITOS!$A:$A,REGOLITOS!G:G)} -> Morelos | H61: {=XLOOKUP($D61,REGOLITOS!$A:$A,REGOLITOS!H:H)} -> 55 55 0068 0068 | I61: {=XLOOKUP($D61,REGOLITOS!$A:$A,REGOLITOS!I:I)} -> usuario68@ejemplo.com | J61: {=XLOOKUP($D61,REGOLITOS!$A:$A,REGOLITOS!J:J)} -> Tutor_068 | K61: {=XLOOKUP($D61,REGOLITOS!$A:$A,REGOLITOS!K:K)} -> Adolescente | L61: 200 | M61: Asistió | N61: Faltó | O61: Asistió | P61: Asistió | Q61: Asistió | X61: =(COUNTIF(M61:W61, "Asistió")+COUNTIF(M61:W61, "Asíncrono")) -> 4 | Y61: TRUE
A62: CON_1 | B62: {=XLOOKUP(A62, CURSOS!A:A, CURSOS!B:B)} -> 5 | C62: {=XLOOKUP(A62, CURSOS!A:A, CURSOS!C:C)} -> EL ROMPECABEZAS DEL CIELO | D62: P0015 | E62: {=XLOOKUP($D62,REGOLITOS!$A:$A,REGOLITOS!E:E)} -> 81 | F62: {=XLOOKUP($D62,REGOLITOS!$A:$A,REGOLITOS!F:F)} -> Estudiante | G62: {=XLOOKUP($D62,REGOLITOS!$A:$A,REGOLITOS!G:G)} -> Sinaloa | H62: {=XLOOKUP($D62,REGOLITOS!$A:$A,REGOLITOS!H:H)} -> 55 55 0014 0014 | I62: {=XLOOKUP($D62,REGOLITOS!$A:$A,REGOLITOS!I:I)} -> usuario14@ejemplo.com | J62: {=XLOOKUP($D62,REGOLITOS!$A:$A,REGOLITOS!J:J)} | K62: {=XLOOKUP($D62,REGOLITOS!$A:$A,REGOLITOS!K:K)} -> Adulto Mayor | L62: 160 | M62: Asistió | N62: Asistió | O62: Asistió | P62: Faltó | Q62: Asistió | X62: =(COUNTIF(M62:W62, "Asistió")+COUNTIF(M62:W62, "Asíncrono")) -> 4 | Y62: TRUE
A63: CON_1 | B63: {=XLOOKUP(A63, CURSOS!A:A, CURSOS!B:B)} -> 5 | C63: {=XLOOKUP(A63, CURSOS!A:A, CURSOS!C:C)} -> EL ROMPECABEZAS DEL CIELO | D63: P0152 | E63: {=XLOOKUP($D63,REGOLITOS!$A:$A,REGOLITOS!E:E)} -> 45 | F63: {=XLOOKUP($D63,REGOLITOS!$A:$A,REGOLITOS!F:F)} -> Desconocido | G63: {=XLOOKUP($D63,REGOLITOS!$A:$A,REGOLITOS!G:G)} -> México | H63: {=XLOOKUP($D63,REGOLITOS!$A:$A,REGOLITOS!H:H)} -> 55 55 0151 0151 | I63: {=XLOOKUP($D63,REGOLITOS!$A:$A,REGOLITOS!I:I)} -> usuario151@ejemplo.com | J63: {=XLOOKUP($D63,REGOLITOS!$A:$A,REGOLITOS!J:J)} | K63: {=XLOOKUP($D63,REGOLITOS!$A:$A,REGOLITOS!K:K)} -> Adulto | L63: 200 | M63: Faltó | N63: Asistió | O63: Asistió | P63: Asistió | Q63: Faltó | X63: =(COUNTIF(M63:W63, "Asistió")+COUNTIF(M63:W63, "Asíncrono")) -> 3 | Y63: FALSE
A64: CON_1 | B64: {=XLOOKUP(A64, CURSOS!A:A, CURSOS!B:B)} -> 5 | C64: {=XLOOKUP(A64, CURSOS!A:A, CURSOS!C:C)} -> EL ROMPECABEZAS DEL CIELO | D64: P0167 | E64: {=XLOOKUP($D64,REGOLITOS!$A:$A,REGOLITOS!E:E)} -> 47 | F64: {=XLOOKUP($D64,REGOLITOS!$A:$A,REGOLITOS!F:F)} -> Desconocido | G64: {=XLOOKUP($D64,REGOLITOS!$A:$A,REGOLITOS!G:G)} -> Estado de México | H64: {=XLOOKUP($D64,REGOLITOS!$A:$A,REGOLITOS!H:H)} -> 55 55 0166 0166 | I64: {=XLOOKUP($D64,REGOLITOS!$A:$A,REGOLITOS!I:I)} -> usuario166@ejemplo.com | J64: {=XLOOKUP($D64,REGOLITOS!$A:$A,REGOLITOS!J:J)} | K64: {=XLOOKUP($D64,REGOLITOS!$A:$A,REGOLITOS!K:K)} -> Adulto | L64: 160 | M64: Asistió | N64: Faltó | O64: Asistió | P64: Asistió | Q64: Faltó | X64: =(COUNTIF(M64:W64, "Asistió")+COUNTIF(M64:W64, "Asíncrono")) -> 3 | Y64: FALSE
A65: CON_1 | B65: {=XLOOKUP(A65, CURSOS!A:A, CURSOS!B:B)} -> 5 | C65: {=XLOOKUP(A65, CURSOS!A:A, CURSOS!C:C)} -> EL ROMPECABEZAS DEL CIELO | D65: P0035 | E65: {=XLOOKUP($D65,REGOLITOS!$A:$A,REGOLITOS!E:E)} -> 48 | F65: {=XLOOKUP($D65,REGOLITOS!$A:$A,REGOLITOS!F:F)} -> Desconocido | G65: {=XLOOKUP($D65,REGOLITOS!$A:$A,REGOLITOS!G:G)} -> Ciudad de México | H65: {=XLOOKUP($D65,REGOLITOS!$A:$A,REGOLITOS!H:H)} -> 55 55 0034 0034 | I65: {=XLOOKUP($D65,REGOLITOS!$A:$A,REGOLITOS!I:I)} -> usuario34@ejemplo.com | J65: {=XLOOKUP($D65,REGOLITOS!$A:$A,REGOLITOS!J:J)} | K65: {=XLOOKUP($D65,REGOLITOS!$A:$A,REGOLITOS!K:K)} -> Adulto | L65: 200 | M65: Asistió | N65: Asistió | O65: Asistió | P65: Faltó | Q65: Faltó | X65: =(COUNTIF(M65:W65, "Asistió")+COUNTIF(M65:W65, "Asíncrono")) -> 3 | Y65: FALSE
A66: CON_1 | B66: {=XLOOKUP(A66, CURSOS!A:A, CURSOS!B:B)} -> 5 | C66: {=XLOOKUP(A66, CURSOS!A:A, CURSOS!C:C)} -> EL ROMPECABEZAS DEL CIELO | D66: P0176 | E66: {=XLOOKUP($D66,REGOLITOS!$A:$A,REGOLITOS!E:E)} -> 22 | F66: {=XLOOKUP($D66,REGOLITOS!$A:$A,REGOLITOS!F:F)} -> Desconocido | G66: {=XLOOKUP($D66,REGOLITOS!$A:$A,REGOLITOS!G:G)} -> Desconocido | H66: {=XLOOKUP($D66,REGOLITOS!$A:$A,REGOLITOS!H:H)} -> 55 55 0175 0175 | I66: {=XLOOKUP($D66,REGOLITOS!$A:$A,REGOLITOS!I:I)} -> usuario175@ejemplo.com | J66: {=XLOOKUP($D66,REGOLITOS!$A:$A,REGOLITOS!J:J)} | K66: {=XLOOKUP($D66,REGOLITOS!$A:$A,REGOLITOS!K:K)} -> Jóven adulto | L66: 200 | M66: Faltó | N66: Asistió | O66: Faltó | P66: Asistió | Q66: Asistió | X66: =(COUNTIF(M66:W66, "Asistió")+COUNTIF(M66:W66, "Asíncrono")) -> 3 | Y66: FALSE
... A68: CON_1 | B68: {=XLOOKUP(A68, CURSOS!A:A, CURSOS!B:B)} -> 5 | C68: {=XLOOKUP(A68, CURSOS!A:A, CURSOS!C:C)} -> EL ROMPECABEZAS DEL CIELO | D68: P0118 | E68: {=XLOOKUP($D68,REGOLITOS!$A:$A,REGOLITOS!E:E)} -> 41 | F68: {=XLOOKUP($D68,REGOLITOS!$A:$A,REGOLITOS!F:F)} -> Desconocido | G68: {=XLOOKUP($D68,REGOLITOS!$A:$A,REGOLITOS!G:G)} -> Ciudad de México | H68: {=XLOOKUP($D68,REGOLITOS!$A:$A,REGOLITOS!H:H)} -> 55 55 0117 0117 | I68: {=XLOOKUP($D68,REGOLITOS!$A:$A,REGOLITOS!I:I)} -> usuario117@ejemplo.com | J68: {=XLOOKUP($D68,REGOLITOS!$A:$A,REGOLITOS!J:J)} | K68: {=XLOOKUP($D68,REGOLITOS!$A:$A,REGOLITOS!K:K)} -> Adulto | L68: 200 | M68: Asistió | N68: Faltó | O68: Asistió | P68: Faltó | Q68: Faltó | X68: =(COUNTIF(M68:W68, "Asistió")+COUNTIF(M68:W68, "Asíncrono")) -> 2 | Y68: FALSE
A69: CON_1 | B69: {=XLOOKUP(A69, CURSOS!A:A, CURSOS!B:B)} -> 5 | C69: {=XLOOKUP(A69, CURSOS!A:A, CURSOS!C:C)} -> EL ROMPECABEZAS DEL CIELO | D69: P0006 | E69: {=XLOOKUP($D69,REGOLITOS!$A:$A,REGOLITOS!E:E)} -> 49 | F69: {=XLOOKUP($D69,REGOLITOS!$A:$A,REGOLITOS!F:F)} -> Desconocido | G69: {=XLOOKUP($D69,REGOLITOS!$A:$A,REGOLITOS!G:G)} -> Veracruz | H69: {=XLOOKUP($D69,REGOLITOS!$A:$A,REGOLITOS!H:H)} -> 55 55 0005 0005 | I69: {=XLOOKUP($D69,REGOLITOS!$A:$A,REGOLITOS!I:I)} -> usuario5@ejemplo.com | J69: {=XLOOKUP($D69,REGOLITOS!$A:$A,REGOLITOS!J:J)} | K69: {=XLOOKUP($D69,REGOLITOS!$A:$A,REGOLITOS!K:K)} -> Adulto | L69: 200 | M69: Asistió | N69: Asistió | O69: Asistió | P69: Asistió | Q69: Faltó | Y69: TRUE
A70: CON_1 | B70: {=XLOOKUP(A70, CURSOS!A:A, CURSOS!B:B)} -> 5 | C70: {=XLOOKUP(A70, CURSOS!A:A, CURSOS!C:C)} -> EL ROMPECABEZAS DEL CIELO | D70: P0184 | E70: {=XLOOKUP($D70,REGOLITOS!$A:$A,REGOLITOS!E:E)} -> 25 | F70: {=XLOOKUP($D70,REGOLITOS!$A:$A,REGOLITOS!F:F)} -> Empleado | G70: {=XLOOKUP($D70,REGOLITOS!$A:$A,REGOLITOS!G:G)} -> Querétaro | H70: {=XLOOKUP($D70,REGOLITOS!$A:$A,REGOLITOS!H:H)} -> 55 55 0183 0183 | I70: {=XLOOKUP($D70,REGOLITOS!$A:$A,REGOLITOS!I:I)} -> usuario183@ejemplo.com | J70: {=XLOOKUP($D70,REGOLITOS!$A:$A,REGOLITOS!J:J)} | K70: {=XLOOKUP($D70,REGOLITOS!$A:$A,REGOLITOS!K:K)} -> Jóven adulto | L70: 200 | M70: Asistió | N70: Faltó | O70: Asistió | P70: Faltó | Q70: Faltó | Y70: FALSE
A71: CON_1 | B71: {=XLOOKUP(A71, CURSOS!A:A, CURSOS!B:B)} -> 5 | C71: {=XLOOKUP(A71, CURSOS!A:A, CURSOS!C:C)} -> EL ROMPECABEZAS DEL CIELO | D71: P0031 | E71: {=XLOOKUP($D71,REGOLITOS!$A:$A,REGOLITOS!E:E)} -> 35 | F71: {=XLOOKUP($D71,REGOLITOS!$A:$A,REGOLITOS!F:F)} -> Hogar | G71: {=XLOOKUP($D71,REGOLITOS!$A:$A,REGOLITOS!G:G)} -> Quintana Roo | H71: {=XLOOKUP($D71,REGOLITOS!$A:$A,REGOLITOS!H:H)} -> 55 55 0030 0030 | I71: {=XLOOKUP($D71,REGOLITOS!$A:$A,REGOLITOS!I:I)} -> usuario30@ejemplo.com | J71: {=XLOOKUP($D71,REGOLITOS!$A:$A,REGOLITOS!J:J)} | K71: {=XLOOKUP($D71,REGOLITOS!$A:$A,REGOLITOS!K:K)} -> Adulto | L71: 200 | M71: Asistió | N71: Faltó | O71: Asistió | P71: Faltó | Q71: Asistió | Y71: FALSE
A72: CON_1 | B72: {=XLOOKUP(A72, CURSOS!A:A, CURSOS!B:B)} -> 5 | C72: {=XLOOKUP(A72, CURSOS!A:A, CURSOS!C:C)} -> EL ROMPECABEZAS DEL CIELO | D72: P0185 | E72: {=XLOOKUP($D72,REGOLITOS!$A:$A,REGOLITOS!E:E)} -> 11 | F72: {=XLOOKUP($D72,REGOLITOS!$A:$A,REGOLITOS!F:F)} -> Docente | G72: {=XLOOKUP($D72,REGOLITOS!$A:$A,REGOLITOS!G:G)} -> Yucatán | H72: {=XLOOKUP($D72,REGOLITOS!$A:$A,REGOLITOS!H:H)} -> 55 55 0184 0184 | I72: {=XLOOKUP($D72,REGOLITOS!$A:$A,REGOLITOS!I:I)} -> usuario184@ejemplo.com | J72: {=XLOOKUP($D72,REGOLITOS!$A:$A,REGOLITOS!J:J)} -> Tutor_184 | K72: {=XLOOKUP($D72,REGOLITOS!$A:$A,REGOLITOS!K:K)} -> Infancia | L72: 200 | M72: Asistió | N72: Asistió | O72: Faltó | P72: Faltó | Q72: Faltó | Y72: FALSE
A73: CON_1 | B73: {=XLOOKUP(A73, CURSOS!A:A, CURSOS!B:B)} -> 5 | C73: {=XLOOKUP(A73, CURSOS!A:A, CURSOS!C:C)} -> EL ROMPECABEZAS DEL CIELO | D73: P0186 | E73: {=XLOOKUP($D73,REGOLITOS!$A:$A,REGOLITOS!E:E)} -> 14 | F73: {=XLOOKUP($D73,REGOLITOS!$A:$A,REGOLITOS!F:F)} -> Desconocido | G73: {=XLOOKUP($D73,REGOLITOS!$A:$A,REGOLITOS!G:G)} -> Tabasco | H73: {=XLOOKUP($D73,REGOLITOS!$A:$A,REGOLITOS!H:H)} -> 55 55 0185 0185 | I73: {=XLOOKUP($D73,REGOLITOS!$A:$A,REGOLITOS!I:I)} -> usuario185@ejemplo.com | J73: {=XLOOKUP($D73,REGOLITOS!$A:$A,REGOLITOS!J:J)} -> Tutor_185 | K73: {=XLOOKUP($D73,REGOLITOS!$A:$A,REGOLITOS!K:K)} -> Adolescente | L73: 200 | M73: Asistió | N73: Asistió | O73: Faltó | P73: Faltó | Q73: Faltó | Y73: FALSE
A74: CON_1 | B74: {=XLOOKUP(A74, CURSOS!A:A, CURSOS!B:B)} -> 5 | C74: {=XLOOKUP(A74, CURSOS!A:A, CURSOS!C:C)} -> EL ROMPECABEZAS DEL CIELO | D74: P0140 | E74: {=XLOOKUP($D74,REGOLITOS!$A:$A,REGOLITOS!E:E)} -> 23 | F74: {=XLOOKUP($D74,REGOLITOS!$A:$A,REGOLITOS!F:F)} -> Estudiante | G74: {=XLOOKUP($D74,REGOLITOS!$A:$A,REGOLITOS!G:G)} -> Desconocido | H74: {=XLOOKUP($D74,REGOLITOS!$A:$A,REGOLITOS!H:H)} -> 55 55 0139 0139 | I74: {=XLOOKUP($D74,REGOLITOS!$A:$A,REGOLITOS!I:I)} -> usuario139@ejemplo.com | J74: {=XLOOKUP($D74,REGOLITOS!$A:$A,REGOLITOS!J:J)} | K74: {=XLOOKUP($D74,REGOLITOS!$A:$A,REGOLITOS!K:K)} -> Jóven adulto | L74: 160 | M74: Faltó | N74: Asistió | O74: Faltó | P74: Faltó | Q74: Faltó | Y74: FALSE
A75: CON_1 | B75: {=XLOOKUP(A75, CURSOS!A:A, CURSOS!B:B)} -> 5 | C75: {=XLOOKUP(A75, CURSOS!A:A, CURSOS!C:C)} -> EL ROMPECABEZAS DEL CIELO | D75: P0187 | E75: {=XLOOKUP($D75,REGOLITOS!$A:$A,REGOLITOS!E:E)} -> 35 | F75: {=XLOOKUP($D75,REGOLITOS!$A:$A,REGOLITOS!F:F)} -> Ingeniero | G75: {=XLOOKUP($D75,REGOLITOS!$A:$A,REGOLITOS!G:G)} -> Tamaulipas | H75: {=XLOOKUP($D75,REGOLITOS!$A:$A,REGOLITOS!H:H)} -> 55 55 0186 0186 | I75: {=XLOOKUP($D75,REGOLITOS!$A:$A,REGOLITOS!I:I)} -> usuario186@ejemplo.com | J75: {=XLOOKUP($D75,REGOLITOS!$A:$A,REGOLITOS!J:J)} | K75: {=XLOOKUP($D75,REGOLITOS!$A:$A,REGOLITOS!K:K)} -> Adulto | L75: 200 | M75: Asistió | N75: Faltó | O75: Faltó | P75: Faltó | Q75: Faltó | Y75: FALSE
A76: MES_1 | B76: {=XLOOKUP(A76, CURSOS!A:A, CURSOS!B:B)} -> 6 | C76: {=XLOOKUP(A76, CURSOS!A:A, CURSOS!C:C)} -> ¿CÓMO ENCONTRAR TESOROS EN EL CIELO? | D76: P0038 | E76: {=XLOOKUP($D76,REGOLITOS!$A:$A,REGOLITOS!E:E)} -> 92 | F76: {=XLOOKUP($D76,REGOLITOS!$A:$A,REGOLITOS!F:F)} -> Estudiante | G76: {=XLOOKUP($D76,REGOLITOS!$A:$A,REGOLITOS!G:G)} -> Estado de México | H76: {=XLOOKUP($D76,REGOLITOS!$A:$A,REGOLITOS!H:H)} -> 55 55 0037 0037 | I76: {=XLOOKUP($D76,REGOLITOS!$A:$A,REGOLITOS!I:I)} -> usuario37@ejemplo.com | J76: {=XLOOKUP($D76,REGOLITOS!$A:$A,REGOLITOS!J:J)} | K76: {=XLOOKUP($D76,REGOLITOS!$A:$A,REGOLITOS!K:K)} -> Adulto Mayor | L76: 280 | M76: Asistió | N76: Asistió | O76: Asistió | P76: Asistió | Q76: Asistió | X76: =(COUNTIF(M76:W76, "Asistió")+COUNTIF(M76:W76, "Asíncrono")) -> 5 | Y76: TRUE
A77: MES_1 | B77: {=XLOOKUP(A77, CURSOS!A:A, CURSOS!B:B)} -> 6 | C77: {=XLOOKUP(A77, CURSOS!A:A, CURSOS!C:C)} -> ¿CÓMO ENCONTRAR TESOROS EN EL CIELO? | D77: P0168 | E77: {=XLOOKUP($D77,REGOLITOS!$A:$A,REGOLITOS!E:E)} -> 28 | F77: {=XLOOKUP($D77,REGOLITOS!$A:$A,REGOLITOS!F:F)} -> Estudiante | G77: {=XLOOKUP($D77,REGOLITOS!$A:$A,REGOLITOS!G:G)} -> México | H77: {=XLOOKUP($D77,REGOLITOS!$A:$A,REGOLITOS!H:H)} -> 55 55 0167 0167 | I77: {=XLOOKUP($D77,REGOLITOS!$A:$A,REGOLITOS!I:I)} -> usuario167@ejemplo.com | J77: {=XLOOKUP($D77,REGOLITOS!$A:$A,REGOLITOS!J:J)} | K77: {=XLOOKUP($D77,REGOLITOS!$A:$A,REGOLITOS!K:K)} -> Jóven adulto | L77: J | M77: Asistió | N77: Asistió | O77: Asistió | P77: Asistió | Q77: Asistió | X77: =(COUNTIF(M77:W77, "Asistió")+COUNTIF(M77:W77, "Asíncrono")) -> 5 | Y77: TRUE
A78: MES_1 | B78: {=XLOOKUP(A78, CURSOS!A:A, CURSOS!B:B)} -> 6 | C78: {=XLOOKUP(A78, CURSOS!A:A, CURSOS!C:C)} -> ¿CÓMO ENCONTRAR TESOROS EN EL CIELO? | D78: P0171 | E78: {=XLOOKUP($D78,REGOLITOS!$A:$A,REGOLITOS!E:E)} -> 45 | F78: {=XLOOKUP($D78,REGOLITOS!$A:$A,REGOLITOS!F:F)} -> Estudiante | G78: {=XLOOKUP($D78,REGOLITOS!$A:$A,REGOLITOS!G:G)} -> Estado de México | H78: {=XLOOKUP($D78,REGOLITOS!$A:$A,REGOLITOS!H:H)} -> 55 55 0170 0170 | I78: {=XLOOKUP($D78,REGOLITOS!$A:$A,REGOLITOS!I:I)} -> usuario170@ejemplo.com | J78: {=XLOOKUP($D78,REGOLITOS!$A:$A,REGOLITOS!J:J)} | K78: {=XLOOKUP($D78,REGOLITOS!$A:$A,REGOLITOS!K:K)} -> Adulto | L78: 280 | M78: Asistió | N78: Asistió | O78: Asistió | P78: Asistió | Q78: Asistió | X78: =(COUNTIF(M78:W78, "Asistió")+COUNTIF(M78:W78, "Asíncrono")) -> 5 | Y78: TRUE
A79: MES_1 | B79: {=XLOOKUP(A79, CURSOS!A:A, CURSOS!B:B)} -> 6 | C79: {=XLOOKUP(A79, CURSOS!A:A, CURSOS!C:C)} -> ¿CÓMO ENCONTRAR TESOROS EN EL CIELO? | D79: P0045 | E79: {=XLOOKUP($D79,REGOLITOS!$A:$A,REGOLITOS!E:E)} -> 51 | F79: {=XLOOKUP($D79,REGOLITOS!$A:$A,REGOLITOS!F:F)} -> Odontóloga | G79: {=XLOOKUP($D79,REGOLITOS!$A:$A,REGOLITOS!G:G)} -> Estado de México | H79: {=XLOOKUP($D79,REGOLITOS!$A:$A,REGOLITOS!H:H)} -> 55 55 0044 0044 | I79: {=XLOOKUP($D79,REGOLITOS!$A:$A,REGOLITOS!I:I)} -> usuario44@ejemplo.com | J79: {=XLOOKUP($D79,REGOLITOS!$A:$A,REGOLITOS!J:J)} | K79: {=XLOOKUP($D79,REGOLITOS!$A:$A,REGOLITOS!K:K)} -> Adulto | L79: J | M79: Asistió | N79: Asistió | O79: Asistió | P79: Asistió | Q79: Asistió | X79: =(COUNTIF(M79:W79, "Asistió")+COUNTIF(M79:W79, "Asíncrono")) -> 5 | Y79: TRUE
A80: MES_1 | B80: {=XLOOKUP(A80, CURSOS!A:A, CURSOS!B:B)} -> 6 | C80: {=XLOOKUP(A80, CURSOS!A:A, CURSOS!C:C)} -> ¿CÓMO ENCONTRAR TESOROS EN EL CIELO? | D80: P0009 | E80: {=XLOOKUP($D80,REGOLITOS!$A:$A,REGOLITOS!E:E)} -> 75 | F80: {=XLOOKUP($D80,REGOLITOS!$A:$A,REGOLITOS!F:F)} -> Investigadora | G80: {=XLOOKUP($D80,REGOLITOS!$A:$A,REGOLITOS!G:G)} -> Ciudad de México | H80: {=XLOOKUP($D80,REGOLITOS!$A:$A,REGOLITOS!H:H)} -> 55 55 0008 0008 | I80: {=XLOOKUP($D80,REGOLITOS!$A:$A,REGOLITOS!I:I)} -> usuario8@ejemplo.com | J80: {=XLOOKUP($D80,REGOLITOS!$A:$A,REGOLITOS!J:J)} | K80: {=XLOOKUP($D80,REGOLITOS!$A:$A,REGOLITOS!K:K)} -> Adulto Mayor | L80: 200 | M80: Asistió | N80: Faltó | O80: Asistió | P80: Asistió | Q80: Asistió | X80: =(COUNTIF(M80:W80, "Asistió")+COUNTIF(M80:W80, "Asíncrono")) -> 4 | Y80: TRUE
A81: MES_1 | B81: {=XLOOKUP(A81, CURSOS!A:A, CURSOS!B:B)} -> 6 | C81: {=XLOOKUP(A81, CURSOS!A:A, CURSOS!C:C)} -> ¿CÓMO ENCONTRAR TESOROS EN EL CIELO? | D81: P0104 | E81: {=XLOOKUP($D81,REGOLITOS!$A:$A,REGOLITOS!E:E)} -> 66 | F81: {=XLOOKUP($D81,REGOLITOS!$A:$A,REGOLITOS!F:F)} -> Estudiante HS | G81: {=XLOOKUP($D81,REGOLITOS!$A:$A,REGOLITOS!G:G)} -> Jalisco | H81: {=XLOOKUP($D81,REGOLITOS!$A:$A,REGOLITOS!H:H)} -> 55 55 0103 0103 | I81: {=XLOOKUP($D81,REGOLITOS!$A:$A,REGOLITOS!I:I)} -> usuario103@ejemplo.com | J81: {=XLOOKUP($D81,REGOLITOS!$A:$A,REGOLITOS!J:J)} | K81: {=XLOOKUP($D81,REGOLITOS!$A:$A,REGOLITOS!K:K)} -> Adulto Mayor | L81: 160 | M81: Asistió | N81: Asistió | O81: Asistió | P81: Asistió | Q81: Asistió | X81: =(COUNTIF(M81:W81, "Asistió")+COUNTIF(M81:W81, "Asíncrono")) -> 5 | Y81: TRUE
A82: MES_1 | B82: {=XLOOKUP(A82, CURSOS!A:A, CURSOS!B:B)} -> 6 | C82: {=XLOOKUP(A82, CURSOS!A:A, CURSOS!C:C)} -> ¿CÓMO ENCONTRAR TESOROS EN EL CIELO? | D82: P0029 | E82: {=XLOOKUP($D82,REGOLITOS!$A:$A,REGOLITOS!E:E)} -> 15 | F82: {=XLOOKUP($D82,REGOLITOS!$A:$A,REGOLITOS!F:F)} -> Ingeniería Civil | G82: {=XLOOKUP($D82,REGOLITOS!$A:$A,REGOLITOS!G:G)} -> Ciudad de México | H82: {=XLOOKUP($D82,REGOLITOS!$A:$A,REGOLITOS!H:H)} -> 55 55 0028 0028 | I82: {=XLOOKUP($D82,REGOLITOS!$A:$A,REGOLITOS!I:I)} -> usuario28@ejemplo.com | J82: {=XLOOKUP($D82,REGOLITOS!$A:$A,REGOLITOS!J:J)} -> Tutor_028 | K82: {=XLOOKUP($D82,REGOLITOS!$A:$A,REGOLITOS!K:K)} -> Adolescente | L82: 160 | M82: Asistió | N82: Asistió | O82: Asistió | P82: Asistió | Q82: Asistió | X82: =(COUNTIF(M82:W82, "Asistió")+COUNTIF(M82:W82, "Asíncrono")) -> 5 | Y82: TRUE
A83: MES_1 | B83: {=XLOOKUP(A83, CURSOS!A:A, CURSOS!B:B)} -> 6 | C83: {=XLOOKUP(A83, CURSOS!A:A, CURSOS!C:C)} -> ¿CÓMO ENCONTRAR TESOROS EN EL CIELO? | D83: P0083 | E83: {=XLOOKUP($D83,REGOLITOS!$A:$A,REGOLITOS!E:E)} -> 66 | F83: {=XLOOKUP($D83,REGOLITOS!$A:$A,REGOLITOS!F:F)} -> Operadora de CTP | G83: {=XLOOKUP($D83,REGOLITOS!$A:$A,REGOLITOS!G:G)} -> Ciudad de México | H83: {=XLOOKUP($D83,REGOLITOS!$A:$A,REGOLITOS!H:H)} -> 55 55 0082 0082 | I83: {=XLOOKUP($D83,REGOLITOS!$A:$A,REGOLITOS!I:I)} -> usuario82@ejemplo.com | J83: {=XLOOKUP($D83,REGOLITOS!$A:$A,REGOLITOS!J:J)} | K83: {=XLOOKUP($D83,REGOLITOS!$A:$A,REGOLITOS!K:K)} -> Adulto Mayor | L83: 160 | M83: Asistió | N83: Asistió | O83: Asistió | P83: Asistió | Q83: Asistió | X83: =(COUNTIF(M83:W83, "Asistió")+COUNTIF(M83:W83, "Asíncrono")) -> 5 | Y83: TRUE
A84: MES_1 | B84: {=XLOOKUP(A84, CURSOS!A:A, CURSOS!B:B)} -> 6 | C84: {=XLOOKUP(A84, CURSOS!A:A, CURSOS!C:C)} -> ¿CÓMO ENCONTRAR TESOROS EN EL CIELO? | D84: P0096 | E84: {=XLOOKUP($D84,REGOLITOS!$A:$A,REGOLITOS!E:E)} -> 67 | F84: {=XLOOKUP($D84,REGOLITOS!$A:$A,REGOLITOS!F:F)} -> Cocinero | G84: {=XLOOKUP($D84,REGOLITOS!$A:$A,REGOLITOS!G:G)} -> Guanajuato | H84: {=XLOOKUP($D84,REGOLITOS!$A:$A,REGOLITOS!H:H)} -> 55 55 0095 0095 | I84: {=XLOOKUP($D84,REGOLITOS!$A:$A,REGOLITOS!I:I)} -> usuario95@ejemplo.com | J84: {=XLOOKUP($D84,REGOLITOS!$A:$A,REGOLITOS!J:J)} | K84: {=XLOOKUP($D84,REGOLITOS!$A:$A,REGOLITOS!K:K)} -> Adulto Mayor | L84: 200 | M84: Asistió | N84: Asistió | O84: Asistió | P84: Asistió | Q84: Asistió | X84: =(COUNTIF(M84:W84, "Asistió")+COUNTIF(M84:W84, "Asíncrono")) -> 5 | Y84: TRUE
A85: MES_1 | B85: {=XLOOKUP(A85, CURSOS!A:A, CURSOS!B:B)} -> 6 | C85: {=XLOOKUP(A85, CURSOS!A:A, CURSOS!C:C)} -> ¿CÓMO ENCONTRAR TESOROS EN EL CIELO? | D85: P0182 | E85: {=XLOOKUP($D85,REGOLITOS!$A:$A,REGOLITOS!E:E)} -> 53 | F85: {=XLOOKUP($D85,REGOLITOS!$A:$A,REGOLITOS!F:F)} -> Diseñadora | G85: {=XLOOKUP($D85,REGOLITOS!$A:$A,REGOLITOS!G:G)} -> Estado de México | H85: {=XLOOKUP($D85,REGOLITOS!$A:$A,REGOLITOS!H:H)} -> 55 55 0181 0181 | I85: {=XLOOKUP($D85,REGOLITOS!$A:$A,REGOLITOS!I:I)} -> usuario181@ejemplo.com | J85: {=XLOOKUP($D85,REGOLITOS!$A:$A,REGOLITOS!J:J)} | K85: {=XLOOKUP($D85,REGOLITOS!$A:$A,REGOLITOS!K:K)} -> Adulto | L85: 350 | M85: Asistió | N85: Asistió | O85: Asistió | P85: Asistió | Q85: Faltó | X85: =(COUNTIF(M85:W85, "Asistió")+COUNTIF(M85:W85, "Asíncrono")) -> 4 | Y85: TRUE
A86: MES_1 | B86: {=XLOOKUP(A86, CURSOS!A:A, CURSOS!B:B)} -> 6 | C86: {=XLOOKUP(A86, CURSOS!A:A, CURSOS!C:C)} -> ¿CÓMO ENCONTRAR TESOROS EN EL CIELO? | D86: P0135 | E86: {=XLOOKUP($D86,REGOLITOS!$A:$A,REGOLITOS!E:E)} -> 48 | F86: {=XLOOKUP($D86,REGOLITOS!$A:$A,REGOLITOS!F:F)} -> Empleado | G86: {=XLOOKUP($D86,REGOLITOS!$A:$A,REGOLITOS!G:G)} -> Estado de México | H86: {=XLOOKUP($D86,REGOLITOS!$A:$A,REGOLITOS!H:H)} -> 55 55 0134 0134 | I86: {=XLOOKUP($D86,REGOLITOS!$A:$A,REGOLITOS!I:I)} -> usuario134@ejemplo.com | J86: {=XLOOKUP($D86,REGOLITOS!$A:$A,REGOLITOS!J:J)} | K86: {=XLOOKUP($D86,REGOLITOS!$A:$A,REGOLITOS!K:K)} -> Adulto | L86: J350 | M86: Asistió | N86: Asistió | O86: Asistió | P86: Asistió | Q86: Asistió | X86: =(COUNTIF(M86:W86, "Asistió")+COUNTIF(M86:W86, "Asíncrono")) -> 5 | Y86: TRUE
A87: MES_1 | B87: {=XLOOKUP(A87, CURSOS!A:A, CURSOS!B:B)} -> 6 | C87: {=XLOOKUP(A87, CURSOS!A:A, CURSOS!C:C)} -> ¿CÓMO ENCONTRAR TESOROS EN EL CIELO? | D87: P0122 | E87: {=XLOOKUP($D87,REGOLITOS!$A:$A,REGOLITOS!E:E)} -> 91 | F87: {=XLOOKUP($D87,REGOLITOS!$A:$A,REGOLITOS!F:F)} -> Ingeniería Sistemas | G87: {=XLOOKUP($D87,REGOLITOS!$A:$A,REGOLITOS!G:G)} -> Ciudad de México | H87: {=XLOOKUP($D87,REGOLITOS!$A:$A,REGOLITOS!H:H)} -> 55 55 0121 0121 | I87: {=XLOOKUP($D87,REGOLITOS!$A:$A,REGOLITOS!I:I)} -> usuario121@ejemplo.com | J87: {=XLOOKUP($D87,REGOLITOS!$A:$A,REGOLITOS!J:J)} | K87: {=XLOOKUP($D87,REGOLITOS!$A:$A,REGOLITOS!K:K)} -> Adulto Mayor | L87: 200 | M87: Asistió | N87: Asistió | O87: Asistió | P87: Asistió | Q87: Faltó | X87: =(COUNTIF(M87:W87, "Asistió")+COUNTIF(M87:W87, "Asíncrono")) -> 4 | Y87: TRUE
A88: MES_1 | B88: {=XLOOKUP(A88, CURSOS!A:A, CURSOS!B:B)} -> 6 | C88: {=XLOOKUP(A88, CURSOS!A:A, CURSOS!C:C)} -> ¿CÓMO ENCONTRAR TESOROS EN EL CIELO? | D88: P0099 | E88: {=XLOOKUP($D88,REGOLITOS!$A:$A,REGOLITOS!E:E)} -> 57 | F88: {=XLOOKUP($D88,REGOLITOS!$A:$A,REGOLITOS!F:F)} -> Empleado | G88: {=XLOOKUP($D88,REGOLITOS!$A:$A,REGOLITOS!G:G)} -> Ciudad de México | H88: {=XLOOKUP($D88,REGOLITOS!$A:$A,REGOLITOS!H:H)} -> 55 55 0098 0098 | I88: {=XLOOKUP($D88,REGOLITOS!$A:$A,REGOLITOS!I:I)} -> usuario98@ejemplo.com | J88: {=XLOOKUP($D88,REGOLITOS!$A:$A,REGOLITOS!J:J)} | K88: {=XLOOKUP($D88,REGOLITOS!$A:$A,REGOLITOS!K:K)} -> Adulto | L88: 200 | M88: Asistió | N88: Asistió | O88: Asistió | P88: Asistió | Q88: Asistió | X88: =(COUNTIF(M88:W88, "Asistió")+COUNTIF(M88:W88, "Asíncrono")) -> 5 | Y88: TRUE
A89: MES_1 | B89: {=XLOOKUP(A89, CURSOS!A:A, CURSOS!B:B)} -> 6 | C89: {=XLOOKUP(A89, CURSOS!A:A, CURSOS!C:C)} -> ¿CÓMO ENCONTRAR TESOROS EN EL CIELO? | D89: P0131 | E89: {=XLOOKUP($D89,REGOLITOS!$A:$A,REGOLITOS!E:E)} -> 48 | F89: {=XLOOKUP($D89,REGOLITOS!$A:$A,REGOLITOS!F:F)} -> Negocio en hogar | G89: {=XLOOKUP($D89,REGOLITOS!$A:$A,REGOLITOS!G:G)} -> Ciudad de México | H89: {=XLOOKUP($D89,REGOLITOS!$A:$A,REGOLITOS!H:H)} -> 55 55 0130 0130 | I89: {=XLOOKUP($D89,REGOLITOS!$A:$A,REGOLITOS!I:I)} -> usuario130@ejemplo.com | J89: {=XLOOKUP($D89,REGOLITOS!$A:$A,REGOLITOS!J:J)} | K89: {=XLOOKUP($D89,REGOLITOS!$A:$A,REGOLITOS!K:K)} -> Adulto | L89: 380 | M89: Asistió | N89: Asistió | O89: Asistió | P89: Asistió | Q89: Asistió | X89: =(COUNTIF(M89:W89, "Asistió")+COUNTIF(M89:W89, "Asíncrono")) -> 5 | Y89: TRUE
A90: MES_1 | B90: {=XLOOKUP(A90, CURSOS!A:A, CURSOS!B:B)} -> 6 | C90: {=XLOOKUP(A90, CURSOS!A:A, CURSOS!C:C)} -> ¿CÓMO ENCONTRAR TESOROS EN EL CIELO? | D90: P0121 | E90: {=XLOOKUP($D90,REGOLITOS!$A:$A,REGOLITOS!E:E)} -> 70 | F90: {=XLOOKUP($D90,REGOLITOS!$A:$A,REGOLITOS!F:F)} -> Arquitecto | G90: {=XLOOKUP($D90,REGOLITOS!$A:$A,REGOLITOS!G:G)} -> Ciudad de México | H90: {=XLOOKUP($D90,REGOLITOS!$A:$A,REGOLITOS!H:H)} -> 55 55 0120 0120 | I90: {=XLOOKUP($D90,REGOLITOS!$A:$A,REGOLITOS!I:I)} -> usuario120@ejemplo.com | J90: {=XLOOKUP($D90,REGOLITOS!$A:$A,REGOLITOS!J:J)} | K90: {=XLOOKUP($D90,REGOLITOS!$A:$A,REGOLITOS!K:K)} -> Adulto Mayor | L90: J380 | M90: Asistió | N90: Asistió | O90: Asistió | P90: Asistió | Q90: Asistió | X90: =(COUNTIF(M90:W90, "Asistió")+COUNTIF(M90:W90, "Asíncrono")) -> 5 | Y90: TRUE
A91: MES_1 | B91: {=XLOOKUP(A91, CURSOS!A:A, CURSOS!B:B)} -> 6 | C91: {=XLOOKUP(A91, CURSOS!A:A, CURSOS!C:C)} -> ¿CÓMO ENCONTRAR TESOROS EN EL CIELO? | D91: P0067 | E91: {=XLOOKUP($D91,REGOLITOS!$A:$A,REGOLITOS!E:E)} -> 62 | F91: {=XLOOKUP($D91,REGOLITOS!$A:$A,REGOLITOS!F:F)} -> Ingeniería Civil | G91: {=XLOOKUP($D91,REGOLITOS!$A:$A,REGOLITOS!G:G)} -> Ciudad de México | H91: {=XLOOKUP($D91,REGOLITOS!$A:$A,REGOLITOS!H:H)} -> 55 55 0066 0066 | I91: {=XLOOKUP($D91,REGOLITOS!$A:$A,REGOLITOS!I:I)} -> usuario66@ejemplo.com | J91: {=XLOOKUP($D91,REGOLITOS!$A:$A,REGOLITOS!J:J)} | K91: {=XLOOKUP($D91,REGOLITOS!$A:$A,REGOLITOS!K:K)} -> Adulto Mayor | L91: 200 | M91: Asistió | N91: Asistió | O91: Asistió | P91: Asistió | Q91: Asistió | X91: =(COUNTIF(M91:W91, "Asistió")+COUNTIF(M91:W91, "Asíncrono")) -> 5 | Y91: TRUE
A92: MES_1 | B92: {=XLOOKUP(A92, CURSOS!A:A, CURSOS!B:B)} -> 6 | C92: {=XLOOKUP(A92, CURSOS!A:A, CURSOS!C:C)} -> ¿CÓMO ENCONTRAR TESOROS EN EL CIELO? | D92: P0180 | E92: {=XLOOKUP($D92,REGOLITOS!$A:$A,REGOLITOS!E:E)} -> 57 | F92: {=XLOOKUP($D92,REGOLITOS!$A:$A,REGOLITOS!F:F)} -> Docente | G92: {=XLOOKUP($D92,REGOLITOS!$A:$A,REGOLITOS!G:G)} -> Puebla | H92: {=XLOOKUP($D92,REGOLITOS!$A:$A,REGOLITOS!H:H)} -> 55 55 0179 0179 | I92: {=XLOOKUP($D92,REGOLITOS!$A:$A,REGOLITOS!I:I)} -> usuario179@ejemplo.com | J92: {=XLOOKUP($D92,REGOLITOS!$A:$A,REGOLITOS!J:J)} | K92: {=XLOOKUP($D92,REGOLITOS!$A:$A,REGOLITOS!K:K)} -> Adulto | L92: 200 | M92: Asistió | N92: Faltó | O92: Asistió | P92: Asistió | Q92: Asistió | X92: =(COUNTIF(M92:W92, "Asistió")+COUNTIF(M92:W92, "Asíncrono")) -> 4 | Y92: TRUE
A93: MES_1 | B93: {=XLOOKUP(A93, CURSOS!A:A, CURSOS!B:B)} -> 6 | C93: {=XLOOKUP(A93, CURSOS!A:A, CURSOS!C:C)} -> ¿CÓMO ENCONTRAR TESOROS EN EL CIELO? | D93: P0086 | E93: {=XLOOKUP($D93,REGOLITOS!$A:$A,REGOLITOS!E:E)} -> 18 | F93: {=XLOOKUP($D93,REGOLITOS!$A:$A,REGOLITOS!F:F)} -> Estudiante | G93: {=XLOOKUP($D93,REGOLITOS!$A:$A,REGOLITOS!G:G)} -> Hidalgo | H93: {=XLOOKUP($D93,REGOLITOS!$A:$A,REGOLITOS!H:H)} -> 55 55 0085 0085 | I93: {=XLOOKUP($D93,REGOLITOS!$A:$A,REGOLITOS!I:I)} -> usuario85@ejemplo.com | J93: {=XLOOKUP($D93,REGOLITOS!$A:$A,REGOLITOS!J:J)} -> Tutor_085 | K93: {=XLOOKUP($D93,REGOLITOS!$A:$A,REGOLITOS!K:K)} -> Jóven adulto | L93: 160 | M93: Asistió | N93: Asistió | O93: Asistió | P93: Asistió | Q93: Asistió | X93: =(COUNTIF(M93:W93, "Asistió")+COUNTIF(M93:W93, "Asíncrono")) -> 5 | Y93: TRUE
A94: MES_1 | B94: {=XLOOKUP(A94, CURSOS!A:A, CURSOS!B:B)} -> 6 | C94: {=XLOOKUP(A94, CURSOS!A:A, CURSOS!C:C)} -> ¿CÓMO ENCONTRAR TESOROS EN EL CIELO? | D94: P0095 | E94: {=XLOOKUP($D94,REGOLITOS!$A:$A,REGOLITOS!E:E)} -> 17 | F94: {=XLOOKUP($D94,REGOLITOS!$A:$A,REGOLITOS!F:F)} -> Jubilado | G94: {=XLOOKUP($D94,REGOLITOS!$A:$A,REGOLITOS!G:G)} -> Desconocido | H94: {=XLOOKUP($D94,REGOLITOS!$A:$A,REGOLITOS!H:H)} -> 55 55 0094 0094 | I94: {=XLOOKUP($D94,REGOLITOS!$A:$A,REGOLITOS!I:I)} -> usuario94@ejemplo.com | J94: {=XLOOKUP($D94,REGOLITOS!$A:$A,REGOLITOS!J:J)} -> Tutor_094 | K94: {=XLOOKUP($D94,REGOLITOS!$A:$A,REGOLITOS!K:K)} -> Adolescente | L94: 160 | M94: Asistió | N94: Asistió | O94: Asistió | P94: Asistió | Q94: Asistió | X94: =(COUNTIF(M94:W94, "Asistió")+COUNTIF(M94:W94, "Asíncrono")) -> 5 | Y94: TRUE
A95: MES_1 | B95: {=XLOOKUP(A95, CURSOS!A:A, CURSOS!B:B)} -> 6 | C95: {=XLOOKUP(A95, CURSOS!A:A, CURSOS!C:C)} -> ¿CÓMO ENCONTRAR TESOROS EN EL CIELO? | D95: P0081 | E95: {=XLOOKUP($D95,REGOLITOS!$A:$A,REGOLITOS!E:E)} -> 88 | F95: {=XLOOKUP($D95,REGOLITOS!$A:$A,REGOLITOS!F:F)} -> Docente | G95: {=XLOOKUP($D95,REGOLITOS!$A:$A,REGOLITOS!G:G)} -> Desconocido | H95: {=XLOOKUP($D95,REGOLITOS!$A:$A,REGOLITOS!H:H)} -> 55 55 0080 0080 | I95: {=XLOOKUP($D95,REGOLITOS!$A:$A,REGOLITOS!I:I)} -> usuario80@ejemplo.com | J95: {=XLOOKUP($D95,REGOLITOS!$A:$A,REGOLITOS!J:J)} | K95: {=XLOOKUP($D95,REGOLITOS!$A:$A,REGOLITOS!K:K)} -> Adulto Mayor | L95: 200 | M95: Asistió | N95: Asistió | O95: Asistió | P95: Asistió | Q95: Asistió | X95: =(COUNTIF(M95:W95, "Asistió")+COUNTIF(M95:W95, "Asíncrono")) -> 5 | Y95: TRUE
A96: MES_1 | B96: {=XLOOKUP(A96, CURSOS!A:A, CURSOS!B:B)} -> 6 | C96: {=XLOOKUP(A96, CURSOS!A:A, CURSOS!C:C)} -> ¿CÓMO ENCONTRAR TESOROS EN EL CIELO? | D96: P0065 | E96: {=XLOOKUP($D96,REGOLITOS!$A:$A,REGOLITOS!E:E)} -> 14 | F96: {=XLOOKUP($D96,REGOLITOS!$A:$A,REGOLITOS!F:F)} -> Estudiante | G96: {=XLOOKUP($D96,REGOLITOS!$A:$A,REGOLITOS!G:G)} -> Ciudad de México | H96: {=XLOOKUP($D96,REGOLITOS!$A:$A,REGOLITOS!H:H)} -> 55 55 0064 0064 | I96: {=XLOOKUP($D96,REGOLITOS!$A:$A,REGOLITOS!I:I)} -> usuario64@ejemplo.com | J96: {=XLOOKUP($D96,REGOLITOS!$A:$A,REGOLITOS!J:J)} -> Tutor_064 | K96: {=XLOOKUP($D96,REGOLITOS!$A:$A,REGOLITOS!K:K)} -> Adolescente | L96: 200 | M96: Faltó | N96: Asistió | O96: Asistió | P96: Asistió | Q96: Asistió | X96: =(COUNTIF(M96:W96, "Asistió")+COUNTIF(M96:W96, "Asíncrono")) -> 4 | Y96: TRUE
A97: MES_1 | B97: {=XLOOKUP(A97, CURSOS!A:A, CURSOS!B:B)} -> 6 | C97: {=XLOOKUP(A97, CURSOS!A:A, CURSOS!C:C)} -> ¿CÓMO ENCONTRAR TESOROS EN EL CIELO? | D97: P0069 | E97: {=XLOOKUP($D97,REGOLITOS!$A:$A,REGOLITOS!E:E)} -> 15 | F97: {=XLOOKUP($D97,REGOLITOS!$A:$A,REGOLITOS!F:F)} -> Ingeniería Sistemas | G97: {=XLOOKUP($D97,REGOLITOS!$A:$A,REGOLITOS!G:G)} -> Morelos | H97: {=XLOOKUP($D97,REGOLITOS!$A:$A,REGOLITOS!H:H)} -> 55 55 0068 0068 | I97: {=XLOOKUP($D97,REGOLITOS!$A:$A,REGOLITOS!I:I)} -> usuario68@ejemplo.com | J97: {=XLOOKUP($D97,REGOLITOS!$A:$A,REGOLITOS!J:J)} -> Tutor_068 | K97: {=XLOOKUP($D97,REGOLITOS!$A:$A,REGOLITOS!K:K)} -> Adolescente | L97: 200 | M97: Faltó | N97: Asistió | O97: Asistió | P97: Asistió | Q97: Asistió | X97: =(COUNTIF(M97:W97, "Asistió")+COUNTIF(M97:W97, "Asíncrono")) -> 4 | Y97: TRUE
A98: MES_1 | B98: {=XLOOKUP(A98, CURSOS!A:A, CURSOS!B:B)} -> 6 | C98: {=XLOOKUP(A98, CURSOS!A:A, CURSOS!C:C)} -> ¿CÓMO ENCONTRAR TESOROS EN EL CIELO? | D98: P0053 | E98: {=XLOOKUP($D98,REGOLITOS!$A:$A,REGOLITOS!E:E)} -> 84 | F98: {=XLOOKUP($D98,REGOLITOS!$A:$A,REGOLITOS!F:F)} -> Estudiante | G98: {=XLOOKUP($D98,REGOLITOS!$A:$A,REGOLITOS!G:G)} -> Estado de México | H98: {=XLOOKUP($D98,REGOLITOS!$A:$A,REGOLITOS!H:H)} -> 55 55 0052 0052 | I98: {=XLOOKUP($D98,REGOLITOS!$A:$A,REGOLITOS!I:I)} -> usuario52@ejemplo.com | J98: {=XLOOKUP($D98,REGOLITOS!$A:$A,REGOLITOS!J:J)} | K98: {=XLOOKUP($D98,REGOLITOS!$A:$A,REGOLITOS!K:K)} -> Adulto Mayor | L98: G | M98: Asistió | N98: Faltó | O98: Asistió | P98: Asistió | Q98: Asistió | X98: =(COUNTIF(M98:W98, "Asistió")+COUNTIF(M98:W98, "Asíncrono")) -> 4 | Y98: TRUE
A99: MES_1 | B99: {=XLOOKUP(A99, CURSOS!A:A, CURSOS!B:B)} -> 6 | C99: {=XLOOKUP(A99, CURSOS!A:A, CURSOS!C:C)} -> ¿CÓMO ENCONTRAR TESOROS EN EL CIELO? | D99: P0170 | E99: {=XLOOKUP($D99,REGOLITOS!$A:$A,REGOLITOS!E:E)} -> 53 | F99: {=XLOOKUP($D99,REGOLITOS!$A:$A,REGOLITOS!F:F)} -> Estudiante | G99: {=XLOOKUP($D99,REGOLITOS!$A:$A,REGOLITOS!G:G)} -> Ciudad de México | H99: {=XLOOKUP($D99,REGOLITOS!$A:$A,REGOLITOS!H:H)} -> 55 55 0169 0169 | I99: {=XLOOKUP($D99,REGOLITOS!$A:$A,REGOLITOS!I:I)} -> usuario169@ejemplo.com | J99: {=XLOOKUP($D99,REGOLITOS!$A:$A,REGOLITOS!J:J)} | K99: {=XLOOKUP($D99,REGOLITOS!$A:$A,REGOLITOS!K:K)} -> Adulto | L99: G | M99: Asistió | N99: Asistió | O99: Asistió | P99: Asistió | Q99: Asistió | X99: =(COUNTIF(M99:W99, "Asistió")+COUNTIF(M99:W99, "Asíncrono")) -> 5 | Y99: TRUE
A100: MES_1 | B100: {=XLOOKUP(A100, CURSOS!A:A, CURSOS!B:B)} -> 6 | C100: {=XLOOKUP(A100, CURSOS!A:A, CURSOS!C:C)} -> ¿CÓMO ENCONTRAR TESOROS EN EL CIELO? | D100: P0181 | E100: {=XLOOKUP($D100,REGOLITOS!$A:$A,REGOLITOS!E:E)} -> 15 | F100: {=XLOOKUP($D100,REGOLITOS!$A:$A,REGOLITOS!F:F)} -> Construcción | G100: {=XLOOKUP($D100,REGOLITOS!$A:$A,REGOLITOS!G:G)} -> Hidalgo | H100: {=XLOOKUP($D100,REGOLITOS!$A:$A,REGOLITOS!H:H)} -> 55 55 0180 0180 | I100: {=XLOOKUP($D100,REGOLITOS!$A:$A,REGOLITOS!I:I)} -> usuario180@ejemplo.com | J100: {=XLOOKUP($D100,REGOLITOS!$A:$A,REGOLITOS!J:J)} -> Tutor_180 | K100: {=XLOOKUP($D100,REGOLITOS!$A:$A,REGOLITOS!K:K)} -> Adolescente | L100: 200 | M100: Asistió | N100: Faltó | O100: Asistió | P100: Asistió | Q100: Faltó | X100: =(COUNTIF(M100:W100, "Asistió")+COUNTIF(M100:W100, "Asíncrono")) -> 3 | Y100: FALSE
A101: MES_1 | B101: {=XLOOKUP(A101, CURSOS!A:A, CURSOS!B:B)} -> 6 | C101: {=XLOOKUP(A101, CURSOS!A:A, CURSOS!C:C)} -> ¿CÓMO ENCONTRAR TESOROS EN EL CIELO? | D101: P0175 | E101: {=XLOOKUP($D101,REGOLITOS!$A:$A,REGOLITOS!E:E)} -> 8 | F101: {=XLOOKUP($D101,REGOLITOS!$A:$A,REGOLITOS!F:F)} -> Ingeniero | G101: {=XLOOKUP($D101,REGOLITOS!$A:$A,REGOLITOS!G:G)} -> México | H101: {=XLOOKUP($D101,REGOLITOS!$A:$A,REGOLITOS!H:H)} -> 55 55 0174 0174 | I101: {=XLOOKUP($D101,REGOLITOS!$A:$A,REGOLITOS!I:I)} -> usuario174@ejemplo.com | J101: {=XLOOKUP($D101,REGOLITOS!$A:$A,REGOLITOS!J:J)} -> Tutor_174 | K101: {=XLOOKUP($D101,REGOLITOS!$A:$A,REGOLITOS!K:K)} -> Infancia | L101: 200 | M101: Asistió | N101: Asistió | O101: Faltó | P101: Faltó | Q101: Faltó | X101: =(COUNTIF(M101:W101, "Asistió")+COUNTIF(M101:W101, "Asíncrono")) -> 2 | Y101: FALSE
A102: MES_1 | B102: {=XLOOKUP(A102, CURSOS!A:A, CURSOS!B:B)} -> 6 | C102: {=XLOOKUP(A102, CURSOS!A:A, CURSOS!C:C)} -> ¿CÓMO ENCONTRAR TESOROS EN EL CIELO? | D102: P0040 | E102: {=XLOOKUP($D102,REGOLITOS!$A:$A,REGOLITOS!E:E)} -> 13 | F102: {=XLOOKUP($D102,REGOLITOS!$A:$A,REGOLITOS!F:F)} -> Ama de casa | G102: {=XLOOKUP($D102,REGOLITOS!$A:$A,REGOLITOS!G:G)} -> Estado de México. | H102: {=XLOOKUP($D102,REGOLITOS!$A:$A,REGOLITOS!H:H)} -> 55 55 0039 0039 | I102: {=XLOOKUP($D102,REGOLITOS!$A:$A,REGOLITOS!I:I)} -> usuario39@ejemplo.com | J102: {=XLOOKUP($D102,REGOLITOS!$A:$A,REGOLITOS!J:J)} -> Tutor_039 | K102: {=XLOOKUP($D102,REGOLITOS!$A:$A,REGOLITOS!K:K)} -> Adolescente | L102: 200 | M102: Asistió | N102: Faltó | O102: Faltó | P102: Faltó | Q102: Faltó | X102: =(COUNTIF(M102:W102, "Asistió")+COUNTIF(M102:W102, "Asíncrono")) -> 1 | Y102: FALSE
A103: TEL_1 | B103: {=XLOOKUP(A103, CURSOS!A:A, CURSOS!B:B)} -> 7 | C103: {=XLOOKUP(A103, CURSOS!A:A, CURSOS!C:C)} -> MONTAJE Y MANEJO DE TELESCOPIOS | D103: P0095 | E103: {=XLOOKUP($D103,REGOLITOS!$A:$A,REGOLITOS!E:E)} -> 17 | F103: {=XLOOKUP($D103,REGOLITOS!$A:$A,REGOLITOS!F:F)} -> Jubilado | G103: {=XLOOKUP($D103,REGOLITOS!$A:$A,REGOLITOS!G:G)} -> Desconocido | H103: {=XLOOKUP($D103,REGOLITOS!$A:$A,REGOLITOS!H:H)} -> 55 55 0094 0094 | I103: {=XLOOKUP($D103,REGOLITOS!$A:$A,REGOLITOS!I:I)} -> usuario94@ejemplo.com | J103: {=XLOOKUP($D103,REGOLITOS!$A:$A,REGOLITOS!J:J)} -> Tutor_094 | K103: {=XLOOKUP($D103,REGOLITOS!$A:$A,REGOLITOS!K:K)} -> Adolescente | L103: 100 | M103: Asistió | N103: Asistió | O103: Asistió | X103: =(COUNTIF(M103:W103, "Asistió")+COUNTIF(M103:W103, "Asíncrono")) -> 3 | Y103: TRUE
A104: TEL_1 | B104: {=XLOOKUP(A104, CURSOS!A:A, CURSOS!B:B)} -> 7 | C104: {=XLOOKUP(A104, CURSOS!A:A, CURSOS!C:C)} -> MONTAJE Y MANEJO DE TELESCOPIOS | D104: P0181 | E104: {=XLOOKUP($D104,REGOLITOS!$A:$A,REGOLITOS!E:E)} -> 15 | F104: {=XLOOKUP($D104,REGOLITOS!$A:$A,REGOLITOS!F:F)} -> Construcción | G104: {=XLOOKUP($D104,REGOLITOS!$A:$A,REGOLITOS!G:G)} -> Hidalgo | H104: {=XLOOKUP($D104,REGOLITOS!$A:$A,REGOLITOS!H:H)} -> 55 55 0180 0180 | I104: {=XLOOKUP($D104,REGOLITOS!$A:$A,REGOLITOS!I:I)} -> usuario180@ejemplo.com | J104: {=XLOOKUP($D104,REGOLITOS!$A:$A,REGOLITOS!J:J)} -> Tutor_180 | K104: {=XLOOKUP($D104,REGOLITOS!$A:$A,REGOLITOS!K:K)} -> Adolescente | L104: 100 | M104: Asistió | N104: Asistió | O104: Asistió | X104: =(COUNTIF(M104:W104, "Asistió")+COUNTIF(M104:W104, "Asíncrono")) -> 3 | Y104: TRUE
A105: TEL_1 | B105: {=XLOOKUP(A105, CURSOS!A:A, CURSOS!B:B)} -> 7 | C105: {=XLOOKUP(A105, CURSOS!A:A, CURSOS!C:C)} -> MONTAJE Y MANEJO DE TELESCOPIOS | D105: P0141 | E105: {=XLOOKUP($D105,REGOLITOS!$A:$A,REGOLITOS!E:E)} -> 29 | F105: {=XLOOKUP($D105,REGOLITOS!$A:$A,REGOLITOS!F:F)} -> Estudiante | G105: {=XLOOKUP($D105,REGOLITOS!$A:$A,REGOLITOS!G:G)} -> Oaxaca | H105: {=XLOOKUP($D105,REGOLITOS!$A:$A,REGOLITOS!H:H)} -> 55 55 0140 0140 | I105: {=XLOOKUP($D105,REGOLITOS!$A:$A,REGOLITOS!I:I)} -> usuario140@ejemplo.com | J105: {=XLOOKUP($D105,REGOLITOS!$A:$A,REGOLITOS!J:J)} | K105: {=XLOOKUP($D105,REGOLITOS!$A:$A,REGOLITOS!K:K)} -> Jóven adulto | L105: 100 | M105: Asistió | N105: Asistió | O105: Asistió | X105: =(COUNTIF(M105:W105, "Asistió")+COUNTIF(M105:W105, "Asíncrono")) -> 3 | Y105: TRUE
A106: TEL_1 | B106: {=XLOOKUP(A106, CURSOS!A:A, CURSOS!B:B)} -> 7 | C106: {=XLOOKUP(A106, CURSOS!A:A, CURSOS!C:C)} -> MONTAJE Y MANEJO DE TELESCOPIOS | D106: P0148 | E106: {=XLOOKUP($D106,REGOLITOS!$A:$A,REGOLITOS!E:E)} -> 81 | F106: {=XLOOKUP($D106,REGOLITOS!$A:$A,REGOLITOS!F:F)} -> Arquitecta | G106: {=XLOOKUP($D106,REGOLITOS!$A:$A,REGOLITOS!G:G)} -> Ciudad de México | H106: {=XLOOKUP($D106,REGOLITOS!$A:$A,REGOLITOS!H:H)} -> 55 55 0147 0147 | I106: {=XLOOKUP($D106,REGOLITOS!$A:$A,REGOLITOS!I:I)} -> usuario147@ejemplo.com | J106: {=XLOOKUP($D106,REGOLITOS!$A:$A,REGOLITOS!J:J)} | K106: {=XLOOKUP($D106,REGOLITOS!$A:$A,REGOLITOS!K:K)} -> Adulto Mayor | L106: 120 | M106: Asistió | N106: Asistió | O106: Asistió | X106: =(COUNTIF(M106:W106, "Asistió")+COUNTIF(M106:W106, "Asíncrono")) -> 3 | Y106: TRUE
A107: TEL_1 | B107: {=XLOOKUP(A107, CURSOS!A:A, CURSOS!B:B)} -> 7 | C107: {=XLOOKUP(A107, CURSOS!A:A, CURSOS!C:C)} -> MONTAJE Y MANEJO DE TELESCOPIOS | D107: P0084 | E107: {=XLOOKUP($D107,REGOLITOS!$A:$A,REGOLITOS!E:E)} -> 44 | F107: {=XLOOKUP($D107,REGOLITOS!$A:$A,REGOLITOS!F:F)} -> Cinefotógrafa | G107: {=XLOOKUP($D107,REGOLITOS!$A:$A,REGOLITOS!G:G)} -> Ciudad de México | H107: {=XLOOKUP($D107,REGOLITOS!$A:$A,REGOLITOS!H:H)} -> 55 55 0083 0083 | I107: {=XLOOKUP($D107,REGOLITOS!$A:$A,REGOLITOS!I:I)} -> usuario83@ejemplo.com | J107: {=XLOOKUP($D107,REGOLITOS!$A:$A,REGOLITOS!J:J)} | K107: {=XLOOKUP($D107,REGOLITOS!$A:$A,REGOLITOS!K:K)} -> Adulto | L107: 120 | M107: Asistió | N107: Asistió | O107: Asistió | X107: =(COUNTIF(M107:W107, "Asistió")+COUNTIF(M107:W107, "Asíncrono")) -> 3 | Y107: TRUE
A108: TEL_1 | B108: {=XLOOKUP(A108, CURSOS!A:A, CURSOS!B:B)} -> 7 | C108: {=XLOOKUP(A108, CURSOS!A:A, CURSOS!C:C)} -> MONTAJE Y MANEJO DE TELESCOPIOS | D108: P0086 | E108: {=XLOOKUP($D108,REGOLITOS!$A:$A,REGOLITOS!E:E)} -> 18 | F108: {=XLOOKUP($D108,REGOLITOS!$A:$A,REGOLITOS!F:F)} -> Estudiante | G108: {=XLOOKUP($D108,REGOLITOS!$A:$A,REGOLITOS!G:G)} -> Hidalgo | H108: {=XLOOKUP($D108,REGOLITOS!$A:$A,REGOLITOS!H:H)} -> 55 55 0085 0085 | I108: {=XLOOKUP($D108,REGOLITOS!$A:$A,REGOLITOS!I:I)} -> usuario85@ejemplo.com | J108: {=XLOOKUP($D108,REGOLITOS!$A:$A,REGOLITOS!J:J)} -> Tutor_085 | K108: {=XLOOKUP($D108,REGOLITOS!$A:$A,REGOLITOS!K:K)} -> Jóven adulto | L108: 120 | M108: Asíncrono | N108: Asistió | O108: Asistió | X108: =(COUNTIF(M108:W108, "Asistió")+COUNTIF(M108:W108, "Asíncrono")) -> 3 | Y108: TRUE
A109: TEL_1 | B109: {=XLOOKUP(A109, CURSOS!A:A, CURSOS!B:B)} -> 7 | C109: {=XLOOKUP(A109, CURSOS!A:A, CURSOS!C:C)} -> MONTAJE Y MANEJO DE TELESCOPIOS | D109: P0004 | E109: {=XLOOKUP($D109,REGOLITOS!$A:$A,REGOLITOS!E:E)} -> 16 | F109: {=XLOOKUP($D109,REGOLITOS!$A:$A,REGOLITOS!F:F)} -> Servidor público | G109: {=XLOOKUP($D109,REGOLITOS!$A:$A,REGOLITOS!G:G)} -> Ciudad de México | H109: {=XLOOKUP($D109,REGOLITOS!$A:$A,REGOLITOS!H:H)} -> 55 55 0003 0003 | I109: {=XLOOKUP($D109,REGOLITOS!$A:$A,REGOLITOS!I:I)} -> usuario3@ejemplo.com | J109: {=XLOOKUP($D109,REGOLITOS!$A:$A,REGOLITOS!J:J)} -> Tutor_003 | K109: {=XLOOKUP($D109,REGOLITOS!$A:$A,REGOLITOS!K:K)} -> Adolescente | L109: 120 | M109: Faltó | N109: Asistió | O109: Asistió | X109: =(COUNTIF(M109:W109, "Asistió")+COUNTIF(M109:W109, "Asíncrono")) -> 2 | Y109: TRUE
A110: TEL_1 | B110: {=XLOOKUP(A110, CURSOS!A:A, CURSOS!B:B)} -> 7 | C110: {=XLOOKUP(A110, CURSOS!A:A, CURSOS!C:C)} -> MONTAJE Y MANEJO DE TELESCOPIOS | D110: P0083 | E110: {=XLOOKUP($D110,REGOLITOS!$A:$A,REGOLITOS!E:E)} -> 66 | F110: {=XLOOKUP($D110,REGOLITOS!$A:$A,REGOLITOS!F:F)} -> Operadora de CTP | G110: {=XLOOKUP($D110,REGOLITOS!$A:$A,REGOLITOS!G:G)} -> Ciudad de México | H110: {=XLOOKUP($D110,REGOLITOS!$A:$A,REGOLITOS!H:H)} -> 55 55 0082 0082 | I110: {=XLOOKUP($D110,REGOLITOS!$A:$A,REGOLITOS!I:I)} -> usuario82@ejemplo.com | J110: {=XLOOKUP($D110,REGOLITOS!$A:$A,REGOLITOS!J:J)} | K110: {=XLOOKUP($D110,REGOLITOS!$A:$A,REGOLITOS!K:K)} -> Adulto Mayor | L110: 100 | M110: Faltó | N110: Asistió | O110: Asistió | X110: =(COUNTIF(M110:W110, "Asistió")+COUNTIF(M110:W110, "Asíncrono")) -> 2 | Y110: TRUE
A111: TEL_1 | B111: {=XLOOKUP(A111, CURSOS!A:A, CURSOS!B:B)} -> 7 | C111: {=XLOOKUP(A111, CURSOS!A:A, CURSOS!C:C)} -> MONTAJE Y MANEJO DE TELESCOPIOS | D111: P0180 | E111: {=XLOOKUP($D111,REGOLITOS!$A:$A,REGOLITOS!E:E)} -> 57 | F111: {=XLOOKUP($D111,REGOLITOS!$A:$A,REGOLITOS!F:F)} -> Docente | G111: {=XLOOKUP($D111,REGOLITOS!$A:$A,REGOLITOS!G:G)} -> Puebla | H111: {=XLOOKUP($D111,REGOLITOS!$A:$A,REGOLITOS!H:H)} -> 55 55 0179 0179 | I111: {=XLOOKUP($D111,REGOLITOS!$A:$A,REGOLITOS!I:I)} -> usuario179@ejemplo.com | J111: {=XLOOKUP($D111,REGOLITOS!$A:$A,REGOLITOS!J:J)} | K111: {=XLOOKUP($D111,REGOLITOS!$A:$A,REGOLITOS!K:K)} -> Adulto | L111: 120 | M111: Asistió | N111: Faltó | O111: Asistió | X111: =(COUNTIF(M111:W111, "Asistió")+COUNTIF(M111:W111, "Asíncrono")) -> 2 | Y111: TRUE
A112: TEL_1 | B112: {=XLOOKUP(A112, CURSOS!A:A, CURSOS!B:B)} -> 7 | C112: {=XLOOKUP(A112, CURSOS!A:A, CURSOS!C:C)} -> MONTAJE Y MANEJO DE TELESCOPIOS | D112: P0182 | E112: {=XLOOKUP($D112,REGOLITOS!$A:$A,REGOLITOS!E:E)} -> 53 | F112: {=XLOOKUP($D112,REGOLITOS!$A:$A,REGOLITOS!F:F)} -> Diseñadora | G112: {=XLOOKUP($D112,REGOLITOS!$A:$A,REGOLITOS!G:G)} -> Estado de México | H112: {=XLOOKUP($D112,REGOLITOS!$A:$A,REGOLITOS!H:H)} -> 55 55 0181 0181 | I112: {=XLOOKUP($D112,REGOLITOS!$A:$A,REGOLITOS!I:I)} -> usuario181@ejemplo.com | J112: {=XLOOKUP($D112,REGOLITOS!$A:$A,REGOLITOS!J:J)} | K112: {=XLOOKUP($D112,REGOLITOS!$A:$A,REGOLITOS!K:K)} -> Adulto | L112: 100 | M112: Asistió | N112: Faltó | O112: Asistió | X112: =(COUNTIF(M112:W112, "Asistió")+COUNTIF(M112:W112, "Asíncrono")) -> 2 | Y112: TRUE
A113: TEL_1 | B113: {=XLOOKUP(A113, CURSOS!A:A, CURSOS!B:B)} -> 7 | C113: {=XLOOKUP(A113, CURSOS!A:A, CURSOS!C:C)} -> MONTAJE Y MANEJO DE TELESCOPIOS | D113: P0135 | E113: {=XLOOKUP($D113,REGOLITOS!$A:$A,REGOLITOS!E:E)} -> 48 | F113: {=XLOOKUP($D113,REGOLITOS!$A:$A,REGOLITOS!F:F)} -> Empleado | G113: {=XLOOKUP($D113,REGOLITOS!$A:$A,REGOLITOS!G:G)} -> Estado de México | H113: {=XLOOKUP($D113,REGOLITOS!$A:$A,REGOLITOS!H:H)} -> 55 55 0134 0134 | I113: {=XLOOKUP($D113,REGOLITOS!$A:$A,REGOLITOS!I:I)} -> usuario134@ejemplo.com | J113: {=XLOOKUP($D113,REGOLITOS!$A:$A,REGOLITOS!J:J)} | K113: {=XLOOKUP($D113,REGOLITOS!$A:$A,REGOLITOS!K:K)} -> Adulto | L113: 100 | M113: Asistió | N113: Faltó | O113: Asistió | X113: =(COUNTIF(M113:W113, "Asistió")+COUNTIF(M113:W113, "Asíncrono")) -> 2 | Y113: TRUE
...

Sheet TEMATICA
A1: Temática | B1: %Asistencia | C1: %Reconocimientos
A2: ASTRO | B2: =IFERROR(AVERAGEIF(CURSOS!$E:$E, $A2, CURSOS!J:J), 0) -> 64.709168 | C2: =IFERROR(AVERAGEIF(CURSOS!$E:$E, $A2, CURSOS!K:K), 0) -> 65.91478
A3: MATE | B3: =IFERROR(AVERAGEIF(CURSOS!$E:$E, $A3, CURSOS!J:J), 0) -> 63.631854 | C3: =IFERROR(AVERAGEIF(CURSOS!$E:$E, $A3, CURSOS!K:K), 0) -> 57.386364
A4: FIS | B4: =IFERROR(AVERAGEIF(CURSOS!$E:$E, $A4, CURSOS!J:J), 0) -> 0 | C4: =IFERROR(AVERAGEIF(CURSOS!$E:$E, $A4, CURSOS!K:K), 0) -> 0

Sheet GRUPOS_DE_EDAD

Sheet PROCEDENCIA
